Date,Symbol,Open,High,Low,Close,Volume
2016-07-12,HIDCL,0.0,359.0,328.0,359.0,29034
2016-07-14,HIDCL,359.0,394.0,366.0,394.0,36508
2016-07-17,HIDCL,433.0,476.0,424.0,476.0,279518
2016-07-18,HIDCL,476.0,501.0,441.0,455.0,165946
2016-07-19,HIDCL,464.0,464.0,421.0,427.0,139774
2016-07-20,HIDCL,432.0,432.0,400.0,400.0,107322
2016-07-21,HIDCL,400.0,430.0,402.0,410.0,49398
2016-07-25,HIDCL,410.0,432.0,405.0,430.0,45118
2016-07-26,HIDCL,430.0,449.0,422.0,430.0,53932
2016-07-28,HIDCL,425.0,425.0,415.0,416.0,20633
2016-07-31,HIDCL,416.0,420.0,410.0,412.0,30489
2016-08-01,HIDCL,412.0,417.0,407.0,408.0,38734
2016-08-02,HIDCL,408.0,416.0,400.0,405.0,42066
2016-08-03,HIDCL,405.0,410.0,400.0,403.0,40746
2016-08-04,HIDCL,403.0,417.0,389.0,391.0,51130
2016-08-07,HIDCL,391.0,410.0,390.0,390.0,45554
2016-08-11,HIDCL,390.0,392.0,383.0,390.0,34904
2016-08-14,HIDCL,385.0,390.0,358.0,362.0,49307
2016-08-15,HIDCL,366.0,366.0,338.0,344.0,36829
2016-08-16,HIDCL,338.0,355.0,336.0,350.0,36420
2016-08-17,HIDCL,350.0,357.0,345.0,355.0,33053
2016-08-21,HIDCL,355.0,356.0,344.0,346.0,14759
2016-08-22,HIDCL,340.0,341.0,326.0,329.0,30973
2016-08-23,HIDCL,325.0,330.0,319.0,325.0,29800
2016-08-24,HIDCL,325.0,339.0,325.0,335.0,20017
2016-08-28,HIDCL,336.0,346.0,330.0,331.0,16833
2016-08-29,HIDCL,333.0,334.0,321.0,326.0,25024
2016-08-30,HIDCL,326.0,338.0,326.0,331.0,28564
2016-08-31,HIDCL,332.0,333.0,320.0,325.0,18569
2016-09-01,HIDCL,328.0,328.0,320.0,325.0,19977
2016-09-04,HIDCL,325.0,325.0,317.0,320.0,18682
2016-09-05,HIDCL,320.0,324.0,312.0,324.0,20849
2016-09-06,HIDCL,318.0,326.0,316.0,320.0,23174
2016-09-07,HIDCL,314.0,325.0,314.0,321.0,13664
2016-09-08,HIDCL,320.0,329.0,317.0,324.0,22517
2016-09-11,HIDCL,319.0,330.0,315.0,316.0,28696
2016-09-12,HIDCL,315.0,319.0,311.0,313.0,31672
2016-09-14,HIDCL,312.0,314.0,303.0,305.0,33290
2016-09-18,HIDCL,310.0,315.0,303.0,305.0,28671
2016-09-20,HIDCL,308.0,306.0,298.0,299.0,22726
2016-09-21,HIDCL,302.0,303.0,295.0,301.0,29742
2016-09-22,HIDCL,302.0,307.0,296.0,300.0,22034
2016-09-26,HIDCL,299.0,300.0,295.0,298.0,20918
2016-09-27,HIDCL,298.0,303.0,295.0,300.0,45477
2016-09-28,HIDCL,295.0,301.0,295.0,301.0,19123
2016-09-29,HIDCL,301.0,302.0,297.0,297.0,24587
2016-10-02,HIDCL,300.0,310.0,295.0,308.0,10053
2016-10-03,HIDCL,303.0,311.0,301.0,305.0,7688
2016-10-04,HIDCL,306.0,309.0,297.0,300.0,12183
2016-10-05,HIDCL,300.0,304.0,299.0,300.0,11360
2016-10-06,HIDCL,304.0,305.0,298.0,300.0,16601
2016-10-16,HIDCL,296.0,303.0,295.0,299.0,16068
2016-10-17,HIDCL,298.0,300.0,292.0,299.0,8452
2016-10-18,HIDCL,299.0,300.0,291.0,300.0,12086
2016-10-19,HIDCL,302.0,303.0,294.0,297.0,20664
2016-10-20,HIDCL,300.0,299.0,296.0,298.0,16334
2016-10-23,HIDCL,300.0,300.0,294.0,300.0,17264
2016-10-24,HIDCL,295.0,299.0,293.0,296.0,6900
2016-10-25,HIDCL,299.0,299.0,284.0,293.0,10061
2016-10-26,HIDCL,290.0,291.0,281.0,283.0,14748
2016-10-27,HIDCL,283.0,287.0,280.0,286.0,13510
2016-11-03,HIDCL,285.0,286.0,280.0,284.0,3562
2016-11-07,HIDCL,285.0,285.0,278.0,280.0,9702
2016-11-08,HIDCL,280.0,285.0,278.0,284.0,15000
2016-11-09,HIDCL,284.0,289.0,271.0,275.0,22637
2016-11-10,HIDCL,275.0,292.0,275.0,282.0,24708
2016-11-13,HIDCL,280.0,281.0,270.0,277.0,23973
2016-11-14,HIDCL,276.0,284.0,268.0,279.0,21791
2016-11-15,HIDCL,278.0,281.0,272.0,281.0,43991
2016-11-16,HIDCL,282.0,290.0,277.0,283.0,20539
2016-11-17,HIDCL,278.0,280.0,273.0,278.0,18364
2016-11-20,HIDCL,277.0,282.0,265.0,272.0,24936
2016-11-21,HIDCL,277.0,277.0,260.0,274.0,13058
2016-11-22,HIDCL,271.0,279.0,269.0,275.0,27376
2016-11-23,HIDCL,275.0,278.0,270.0,272.0,10423
2016-11-24,HIDCL,273.0,275.0,260.0,269.0,13798
2016-11-27,HIDCL,264.0,264.0,248.0,257.0,13181
2016-11-28,HIDCL,257.0,257.0,236.0,257.0,13709
2016-11-29,HIDCL,262.0,265.0,250.0,260.0,13035
2016-12-01,HIDCL,270.0,273.0,255.0,267.0,28307
2016-12-04,HIDCL,267.0,268.0,256.0,261.0,23562
2016-12-05,HIDCL,261.0,264.0,251.0,258.0,7517
2016-12-06,HIDCL,258.0,260.0,250.0,259.0,7627
2016-12-07,HIDCL,259.0,264.0,255.0,260.0,7991
2016-12-08,HIDCL,255.0,257.0,249.0,251.0,6283
2016-12-11,HIDCL,251.0,252.0,248.0,251.0,15506
2016-12-12,HIDCL,251.0,252.0,244.0,250.0,8927
2016-12-14,HIDCL,250.0,253.0,245.0,250.0,5816
2016-12-15,HIDCL,250.0,255.0,245.0,253.0,8147
2016-12-18,HIDCL,250.0,252.0,247.0,249.0,5913
2016-12-19,HIDCL,251.0,253.0,245.0,245.0,14559
2016-12-20,HIDCL,246.0,246.0,237.0,242.0,5947
2016-12-21,HIDCL,241.0,241.0,234.0,238.0,14245
2016-12-22,HIDCL,234.0,241.0,234.0,238.0,15147
2016-12-26,HIDCL,238.0,238.0,225.0,225.0,8283
2016-12-27,HIDCL,229.0,229.0,219.0,222.0,14116
2016-12-28,HIDCL,224.0,227.0,216.0,223.0,20996
2016-12-29,HIDCL,223.0,227.0,222.0,226.0,19211
2017-01-01,HIDCL,228.0,232.0,224.0,227.0,25955
2017-01-02,HIDCL,231.0,235.0,224.0,229.0,13338
2017-01-03,HIDCL,230.0,232.0,224.0,228.0,10266
2017-01-04,HIDCL,228.0,232.0,222.0,226.0,4710
2017-01-05,HIDCL,227.0,228.0,222.0,223.0,9327
2017-01-08,HIDCL,224.0,224.0,219.0,220.0,17194
2017-01-09,HIDCL,223.0,224.0,220.0,222.0,8076
2017-01-10,HIDCL,222.0,226.0,221.0,224.0,10500
2017-01-12,HIDCL,224.0,228.0,223.0,224.0,8031
2017-01-15,HIDCL,224.0,226.0,223.0,225.0,13424
2017-01-16,HIDCL,224.0,226.0,220.0,222.0,6113
2017-01-17,HIDCL,220.0,230.0,219.0,222.0,9206
2017-01-18,HIDCL,221.0,225.0,220.0,221.0,13628
2017-01-19,HIDCL,225.0,225.0,220.0,220.0,8139
2017-01-22,HIDCL,220.0,225.0,220.0,220.0,14419
2017-01-23,HIDCL,220.0,222.0,218.0,219.0,13617
2017-01-24,HIDCL,217.0,220.0,215.0,218.0,10942
2017-01-25,HIDCL,219.0,219.0,210.0,211.0,5407
2017-01-26,HIDCL,210.0,211.0,200.0,201.0,10929
2017-01-30,HIDCL,205.0,209.0,195.0,196.0,4776
2017-01-31,HIDCL,195.0,204.0,192.0,200.0,10171
2017-02-02,HIDCL,218.0,222.0,200.0,201.0,37939
2017-02-05,HIDCL,205.0,208.0,195.0,198.0,44526
2017-02-06,HIDCL,201.0,201.0,194.0,195.0,35319
2017-02-07,HIDCL,198.0,199.0,191.0,193.0,45932
2017-02-08,HIDCL,194.0,203.0,188.0,192.0,27062
2017-02-09,HIDCL,192.0,195.0,186.0,186.0,41582
2017-02-12,HIDCL,187.0,190.0,182.0,183.0,24596
2017-02-13,HIDCL,180.0,188.0,179.0,187.0,11578
2017-02-15,HIDCL,190.0,195.0,186.0,192.0,14656
2017-02-16,HIDCL,189.0,196.0,187.0,194.0,22651
2017-02-19,HIDCL,195.0,196.0,189.0,193.0,22076
2017-02-20,HIDCL,196.0,200.0,189.0,193.0,23968
2017-02-21,HIDCL,196.0,196.0,192.0,194.0,14751
2017-02-22,HIDCL,197.0,200.0,188.0,191.0,8747
2017-02-23,HIDCL,190.0,193.0,186.0,193.0,15424
2017-02-26,HIDCL,190.0,193.0,185.0,188.0,12241
2017-02-28,HIDCL,185.0,191.0,184.0,188.0,9290
2017-03-01,HIDCL,185.0,192.0,185.0,190.0,9066
2017-03-02,HIDCL,188.0,190.0,186.0,190.0,10018
2017-03-07,HIDCL,194.0,195.0,190.0,193.0,5221
2017-03-09,HIDCL,192.0,195.0,188.0,191.0,8036
2017-03-13,HIDCL,188.0,193.0,188.0,192.0,3704
2017-03-14,HIDCL,189.0,193.0,188.0,189.0,8449
2017-03-15,HIDCL,188.0,195.0,185.0,192.0,8089
2017-03-16,HIDCL,192.0,195.0,192.0,194.0,4591
2017-03-19,HIDCL,194.0,195.0,192.0,195.0,5845
2017-03-20,HIDCL,195.0,202.0,195.0,199.0,80792
2017-03-21,HIDCL,198.0,205.0,198.0,205.0,18415
2017-03-22,HIDCL,205.0,219.0,203.0,210.0,29752
2017-03-26,HIDCL,208.0,220.0,208.0,215.0,19926
2017-03-28,HIDCL,215.0,235.0,215.0,231.0,33691
2017-03-30,HIDCL,227.0,230.0,219.0,223.0,29275
2017-04-02,HIDCL,225.0,235.0,223.0,234.0,2837
2017-04-03,HIDCL,239.0,256.0,227.0,227.0,33826
2017-04-06,HIDCL,224.0,225.0,217.0,218.0,13207
2017-04-09,HIDCL,222.0,225.0,215.0,222.0,13034
2017-04-10,HIDCL,222.0,225.0,218.0,224.0,8311
2017-04-12,HIDCL,220.0,230.0,219.0,220.0,22368
2017-04-16,HIDCL,214.0,221.0,214.0,217.0,9327
2017-04-18,HIDCL,217.0,217.0,208.0,209.0,10670
2017-04-19,HIDCL,208.0,218.0,208.0,212.0,10706
2017-04-20,HIDCL,212.0,218.0,210.0,212.0,10259
2017-04-24,HIDCL,215.0,220.0,213.0,215.0,7878
2017-04-25,HIDCL,215.0,215.0,210.0,210.0,6658
2017-04-26,HIDCL,210.0,214.0,210.0,211.0,11309
2017-04-27,HIDCL,210.0,213.0,210.0,210.0,8707
2017-04-30,HIDCL,209.0,216.0,209.0,215.0,9421
2017-05-02,HIDCL,211.0,213.0,210.0,211.0,5402
2017-05-03,HIDCL,210.0,216.0,210.0,212.0,7383
2017-05-04,HIDCL,210.0,215.0,209.0,210.0,8192
2017-05-08,HIDCL,208.0,210.0,208.0,209.0,4687
2017-05-09,HIDCL,209.0,213.0,206.0,210.0,13468
2017-05-11,HIDCL,211.0,218.0,210.0,215.0,17070
2017-05-15,HIDCL,215.0,220.0,209.0,211.0,10617
2017-05-16,HIDCL,208.0,210.0,208.0,209.0,13642
2017-05-17,HIDCL,211.0,216.0,209.0,216.0,24992
2017-05-18,HIDCL,216.0,215.0,210.0,213.0,8684
2017-05-21,HIDCL,210.0,213.0,207.0,210.0,15792
2017-05-22,HIDCL,209.0,212.0,207.0,210.0,9806
2017-05-23,HIDCL,208.0,213.0,207.0,208.0,10447
2017-05-28,HIDCL,207.0,210.0,207.0,209.0,11732
2017-05-30,HIDCL,207.0,209.0,205.0,206.0,11133
2017-05-31,HIDCL,206.0,210.0,204.0,207.0,10490
2017-06-01,HIDCL,208.0,209.0,205.0,205.0,6772
2017-06-04,HIDCL,204.0,207.0,200.0,205.0,8067
2017-06-05,HIDCL,205.0,217.0,201.0,207.0,10116
2017-06-06,HIDCL,209.0,214.0,207.0,210.0,9069
2017-06-07,HIDCL,210.0,211.0,207.0,208.0,8243
2017-06-08,HIDCL,204.0,208.0,202.0,204.0,12652
2017-06-11,HIDCL,208.0,208.0,196.0,201.0,15794
2017-06-12,HIDCL,197.0,205.0,196.0,201.0,13283
2017-06-13,HIDCL,200.0,202.0,196.0,200.0,8527
2017-06-14,HIDCL,200.0,205.0,198.0,199.0,9275
2017-06-15,HIDCL,202.0,202.0,197.0,200.0,13595
2017-06-18,HIDCL,200.0,200.0,194.0,197.0,8776
2017-06-19,HIDCL,197.0,198.0,193.0,193.0,11597
2017-06-20,HIDCL,190.0,196.0,189.0,193.0,9376
2017-06-21,HIDCL,190.0,200.0,190.0,196.0,10391
2017-06-22,HIDCL,195.0,199.0,195.0,195.0,4933
2017-06-25,HIDCL,192.0,199.0,192.0,198.0,4918
2017-06-27,HIDCL,199.0,199.0,195.0,197.0,7643
2017-06-28,HIDCL,194.0,198.0,193.0,195.0,3029
2017-07-02,HIDCL,196.0,198.0,190.0,195.0,13821
2017-07-03,HIDCL,194.0,198.0,192.0,193.0,6510
2017-07-04,HIDCL,193.0,193.0,190.0,193.0,5320
2017-07-05,HIDCL,193.0,196.0,191.0,193.0,6548
2017-07-06,HIDCL,193.0,199.0,190.0,199.0,24434
2017-07-09,HIDCL,199.0,202.0,192.0,197.0,23216
2017-07-10,HIDCL,195.0,196.0,192.0,196.0,15012
2017-07-11,HIDCL,194.0,197.0,194.0,197.0,3524
2017-07-12,HIDCL,195.0,195.0,191.0,193.0,8745
2017-07-13,HIDCL,190.0,197.0,190.0,197.0,131416
2017-07-16,HIDCL,196.0,196.0,193.0,195.0,5966
2017-07-17,HIDCL,195.0,198.0,195.0,197.0,10345
2017-07-20,HIDCL,197.0,201.0,194.0,198.0,11183
2017-07-23,HIDCL,195.0,196.0,193.0,195.0,15373
2017-07-24,HIDCL,193.0,196.0,193.0,194.0,17002
2017-07-25,HIDCL,192.0,195.0,192.0,193.0,4309
2017-07-26,HIDCL,192.0,194.0,192.0,193.0,11280
2017-07-27,HIDCL,193.0,195.0,191.0,194.0,6470
2017-07-30,HIDCL,195.0,195.0,191.0,192.0,6376
2017-07-31,HIDCL,189.0,196.0,189.0,195.0,25079
2017-08-01,HIDCL,195.0,198.0,192.0,195.0,14918
2017-08-02,HIDCL,195.0,195.0,192.0,194.0,3254
2017-08-03,HIDCL,194.0,196.0,192.0,192.0,11875
2017-08-06,HIDCL,192.0,194.0,189.0,193.0,15005
2017-08-07,HIDCL,190.0,193.0,190.0,190.0,7369
2017-08-09,HIDCL,190.0,192.0,188.0,189.0,10954
2017-08-10,HIDCL,186.0,192.0,186.0,190.0,54669
2017-08-13,HIDCL,193.0,193.0,187.0,193.0,13061
2017-08-15,HIDCL,193.0,193.0,188.0,189.0,14028
2017-08-16,HIDCL,190.0,191.0,180.0,188.0,12165
2017-08-17,HIDCL,188.0,190.0,183.0,185.0,20201
2017-08-20,HIDCL,185.0,191.0,182.0,183.0,8786
2017-08-21,HIDCL,185.0,187.0,182.0,184.0,6878
2017-08-22,HIDCL,181.0,190.0,181.0,185.0,13376
2017-08-23,HIDCL,183.0,185.0,182.0,183.0,11297
2017-08-27,HIDCL,188.0,186.0,180.0,183.0,11247
2017-08-28,HIDCL,183.0,188.0,180.0,184.0,13806
2017-08-30,HIDCL,184.0,186.0,178.0,183.0,9954
2017-09-04,HIDCL,181.0,183.0,178.0,179.0,8635
2017-09-06,HIDCL,179.0,184.0,176.0,183.0,11595
2017-09-07,HIDCL,180.0,183.0,178.0,179.0,14173
2017-09-10,HIDCL,179.0,180.0,174.0,180.0,9682
2017-09-11,HIDCL,178.0,180.0,173.0,175.0,15549
2017-09-12,HIDCL,173.0,175.0,171.0,172.0,11525
2017-09-13,HIDCL,171.0,175.0,167.0,172.0,8941
2017-09-14,HIDCL,171.0,177.0,171.0,175.0,5667
2017-09-17,HIDCL,178.0,183.0,172.0,180.0,12139
2017-09-18,HIDCL,183.0,183.0,177.0,180.0,6749
2017-09-20,HIDCL,182.0,185.0,175.0,185.0,10125
2017-09-24,HIDCL,182.0,184.0,181.0,182.0,5196
2017-09-25,HIDCL,185.0,185.0,180.0,180.0,8135
2017-09-26,HIDCL,177.0,183.0,177.0,180.0,4650
2017-10-03,HIDCL,181.0,181.0,178.0,178.0,587
2017-10-04,HIDCL,178.0,181.0,177.0,180.0,1758
2017-10-08,HIDCL,177.0,180.0,172.0,180.0,8290
2017-10-09,HIDCL,182.0,182.0,177.0,179.0,3985
2017-10-10,HIDCL,178.0,180.0,176.0,178.0,3665
2017-10-11,HIDCL,175.0,182.0,173.0,177.0,4787
2017-10-12,HIDCL,174.0,182.0,174.0,178.0,12975
2017-10-15,HIDCL,179.0,181.0,176.0,181.0,5282
2017-10-16,HIDCL,179.0,183.0,177.0,183.0,5572
2017-10-18,HIDCL,179.0,183.0,178.0,183.0,6680
2017-10-22,HIDCL,186.0,186.0,180.0,183.0,5530
2017-10-23,HIDCL,183.0,183.0,179.0,180.0,16993
2017-10-24,HIDCL,180.0,190.0,177.0,185.0,31003
2017-10-25,HIDCL,185.0,186.0,183.0,183.0,23915
2017-10-29,HIDCL,186.0,186.0,181.0,181.0,10439
2017-10-30,HIDCL,179.0,184.0,179.0,183.0,8833
2017-10-31,HIDCL,183.0,187.0,183.0,186.0,25164
2017-11-01,HIDCL,185.0,196.0,185.0,196.0,36856
2017-11-02,HIDCL,196.0,196.0,188.0,193.0,26318
2017-11-05,HIDCL,190.0,190.0,184.0,188.0,8057
2017-11-06,HIDCL,188.0,190.0,181.0,185.0,37966
2017-11-07,HIDCL,185.0,186.0,181.0,182.0,24092
2017-11-08,HIDCL,180.0,181.0,178.0,180.0,6888
2017-11-09,HIDCL,179.0,181.0,173.0,179.0,6429
2017-11-12,HIDCL,179.0,182.0,178.0,179.0,24126
2017-11-13,HIDCL,180.0,181.0,176.0,180.0,13124
2017-11-14,HIDCL,180.0,184.0,179.0,184.0,25690
2017-11-15,HIDCL,181.0,185.0,177.0,182.0,17272
2017-11-16,HIDCL,182.0,182.0,179.0,180.0,12197
2017-11-19,HIDCL,180.0,180.0,177.0,177.0,13884
2017-11-20,HIDCL,177.0,179.0,177.0,179.0,4741
2017-11-21,HIDCL,176.0,179.0,176.0,177.0,15132
2017-11-22,HIDCL,177.0,178.0,176.0,177.0,10675
2017-11-23,HIDCL,177.0,180.0,177.0,178.0,11463
2017-11-26,HIDCL,178.0,185.0,178.0,179.0,7347
2017-11-27,HIDCL,182.0,182.0,179.0,181.0,39992
2017-11-28,HIDCL,181.0,185.0,181.0,185.0,19330
2017-11-29,HIDCL,185.0,187.0,183.0,186.0,14021
2017-11-30,HIDCL,189.0,189.0,182.0,186.0,7991
2017-12-04,HIDCL,183.0,184.0,180.0,181.0,9488
2017-12-05,HIDCL,179.0,185.0,179.0,185.0,3315
2017-12-06,HIDCL,182.0,186.0,182.0,185.0,10272
2017-12-10,HIDCL,188.0,188.0,180.0,181.0,6844
2017-12-11,HIDCL,180.0,184.0,180.0,181.0,12289
2017-12-12,HIDCL,181.0,181.0,179.0,180.0,4110
2017-12-13,HIDCL,180.0,182.0,180.0,180.0,9538
2017-12-14,HIDCL,182.0,183.0,179.0,179.0,2007
2017-12-17,HIDCL,180.0,182.0,179.0,181.0,2870
2017-12-18,HIDCL,180.0,182.0,179.0,181.0,12023
2017-12-19,HIDCL,180.0,182.0,178.0,178.0,8838
2017-12-20,HIDCL,179.0,181.0,177.0,180.0,23674
2017-12-21,HIDCL,180.0,180.0,178.0,179.0,4424
2017-12-24,HIDCL,179.0,181.0,178.0,180.0,14550
2017-12-27,HIDCL,177.0,177.0,168.0,173.0,11549
2017-12-28,HIDCL,170.0,174.0,169.0,169.0,6145
2017-12-31,HIDCL,166.0,171.0,166.0,170.0,7498
2018-01-01,HIDCL,170.0,173.0,168.0,173.0,5846
2018-01-02,HIDCL,173.0,174.0,170.0,170.0,6256
2018-01-03,HIDCL,170.0,174.0,168.0,168.0,6303
2018-01-04,HIDCL,168.0,170.0,167.0,170.0,11902
2018-01-07,HIDCL,168.0,171.0,168.0,170.0,2909
2018-01-08,HIDCL,171.0,172.0,167.0,172.0,3712
2018-01-09,HIDCL,172.0,173.0,168.0,168.0,5071
2018-01-10,HIDCL,168.0,170.0,168.0,168.0,5085
2018-01-14,HIDCL,167.0,171.0,164.0,168.0,12212
2018-01-16,HIDCL,168.0,170.0,165.0,170.0,7234
2018-01-17,HIDCL,170.0,170.0,166.0,167.0,1431
2018-01-21,HIDCL,167.0,167.0,165.0,166.0,4425
2018-01-22,HIDCL,167.0,167.0,164.0,164.0,5789
2018-01-23,HIDCL,163.0,167.0,163.0,167.0,2845
2018-01-24,HIDCL,165.0,167.0,165.0,167.0,1199
2018-01-25,HIDCL,167.0,168.0,162.0,164.0,5003
2018-01-29,HIDCL,165.0,165.0,160.0,162.0,45030
2018-01-31,HIDCL,160.0,165.0,160.0,164.0,3363
2018-02-01,HIDCL,164.0,169.0,162.0,168.0,5978
2018-02-04,HIDCL,165.0,170.0,165.0,167.0,3216
2018-02-05,HIDCL,169.0,169.0,164.0,165.0,7220
2018-02-06,HIDCL,165.0,166.0,163.0,165.0,2579
2018-02-07,HIDCL,163.0,165.0,163.0,163.0,3546
2018-02-08,HIDCL,160.0,164.0,160.0,163.0,2522
2018-02-11,HIDCL,166.0,166.0,163.0,163.0,3282
2018-02-12,HIDCL,163.0,168.0,163.0,166.0,5376
2018-02-14,HIDCL,164.0,165.0,162.0,165.0,2459
2018-02-15,HIDCL,165.0,169.0,165.0,167.0,3154
2018-02-18,HIDCL,169.0,171.0,165.0,165.0,3381
2018-02-20,HIDCL,166.0,168.0,164.0,168.0,4060
2018-02-21,HIDCL,165.0,167.0,163.0,165.0,9371
2018-02-22,HIDCL,162.0,164.0,162.0,163.0,15214
2018-02-25,HIDCL,160.0,165.0,160.0,163.0,4447
2018-02-26,HIDCL,161.0,163.0,161.0,163.0,5759
2018-02-27,HIDCL,161.0,166.0,161.0,166.0,6332
2018-02-28,HIDCL,166.0,166.0,160.0,163.0,5026
2018-03-04,HIDCL,160.0,161.0,150.0,157.0,23142
2018-03-05,HIDCL,156.0,158.0,154.0,156.0,5671
2018-03-06,HIDCL,154.0,159.0,148.0,156.0,16763
2018-03-07,HIDCL,157.0,159.0,154.0,156.0,7300
2018-03-11,HIDCL,156.0,157.0,147.0,154.0,15664
2018-03-13,HIDCL,150.0,155.0,150.0,152.0,3889
2018-03-14,HIDCL,150.0,154.0,150.0,153.0,1891
2018-03-15,HIDCL,153.0,157.0,150.0,153.0,9713
2018-03-18,HIDCL,152.0,155.0,151.0,152.0,7326
2018-03-19,HIDCL,151.0,153.0,150.0,151.0,10949
2018-03-20,HIDCL,149.0,150.0,145.0,148.0,14484
2018-03-21,HIDCL,147.0,147.0,144.0,146.0,6365
2018-03-22,HIDCL,148.0,149.0,140.0,146.0,10432
2018-03-26,HIDCL,144.0,144.0,135.0,142.0,7292
2018-03-27,HIDCL,140.0,146.0,137.0,146.0,15621
2018-03-28,HIDCL,145.0,145.0,142.0,143.0,4322
2018-03-29,HIDCL,141.0,145.0,139.0,143.0,6407
2018-04-01,HIDCL,144.0,144.0,135.0,135.0,37639
2018-04-02,HIDCL,134.0,141.0,134.0,139.0,1785
2018-04-03,HIDCL,138.0,142.0,137.0,142.0,9529
2018-04-05,HIDCL,145.0,146.0,143.0,146.0,5613
2018-04-08,HIDCL,148.0,154.0,145.0,153.0,23754
2018-04-09,HIDCL,156.0,158.0,148.0,148.0,25028
2018-04-10,HIDCL,148.0,151.0,147.0,149.0,19414
2018-04-11,HIDCL,151.0,151.0,146.0,150.0,1992
2018-04-12,HIDCL,151.0,151.0,148.0,149.0,4993
2018-04-15,HIDCL,149.0,151.0,146.0,148.0,5620
2018-04-16,HIDCL,150.0,153.0,147.0,148.0,7468
2018-04-17,HIDCL,148.0,162.0,148.0,162.0,34216
2018-04-18,HIDCL,165.0,178.0,157.0,170.0,58604
2018-04-19,HIDCL,173.0,179.0,168.0,171.0,63451
2018-04-22,HIDCL,170.0,180.0,169.0,178.0,38482
2018-04-23,HIDCL,181.0,181.0,168.0,171.0,37464
2018-04-24,HIDCL,168.0,174.0,163.0,168.0,15495
2018-04-25,HIDCL,165.0,170.0,162.0,162.0,13284
2018-04-26,HIDCL,159.0,165.0,159.0,164.0,17201
2018-04-29,HIDCL,162.0,165.0,158.0,165.0,7292
2018-05-02,HIDCL,165.0,171.0,160.0,171.0,8923
2018-05-03,HIDCL,172.0,172.0,166.0,166.0,15297
2018-05-06,HIDCL,167.0,170.0,162.0,170.0,8955
2018-05-07,HIDCL,167.0,167.0,162.0,165.0,15006
2018-05-08,HIDCL,166.0,170.0,162.0,166.0,14020
2018-05-09,HIDCL,166.0,169.0,163.0,165.0,4798
2018-05-10,HIDCL,165.0,168.0,162.0,165.0,5212
2018-05-14,HIDCL,167.0,170.0,165.0,168.0,28108
2018-05-15,HIDCL,169.0,169.0,166.0,166.0,2835
2018-05-16,HIDCL,167.0,167.0,164.0,164.0,2567
2018-05-17,HIDCL,163.0,169.0,162.0,165.0,6471
2018-05-20,HIDCL,165.0,171.0,163.0,164.0,3423
2018-05-21,HIDCL,163.0,168.0,163.0,168.0,4935
2018-05-22,HIDCL,170.0,170.0,164.0,165.0,7817
2018-05-23,HIDCL,165.0,165.0,162.0,164.0,2150
2018-05-24,HIDCL,164.0,165.0,161.0,162.0,6203
2018-05-27,HIDCL,162.0,164.0,159.0,162.0,7787
2018-05-28,HIDCL,162.0,168.0,160.0,168.0,5783
2018-05-29,HIDCL,171.0,171.0,161.0,165.0,5689
2018-05-30,HIDCL,163.0,167.0,163.0,167.0,2459
2018-05-31,HIDCL,168.0,168.0,162.0,163.0,2671
2018-06-03,HIDCL,160.0,162.0,156.0,162.0,8276
2018-06-04,HIDCL,159.0,162.0,156.0,160.0,3979
2018-06-06,HIDCL,162.0,165.0,162.0,162.0,329
2018-06-07,HIDCL,163.0,163.0,157.0,158.0,7627
2018-06-10,HIDCL,162.0,162.0,156.0,157.0,4111
2018-06-11,HIDCL,158.0,161.0,155.0,155.0,6424
2018-06-12,HIDCL,155.0,161.0,154.0,161.0,9378
2018-06-13,HIDCL,158.0,160.0,154.0,160.0,7631
2018-06-14,HIDCL,158.0,162.0,158.0,160.0,11463
2018-06-17,HIDCL,159.0,160.0,156.0,157.0,3523
2018-06-18,HIDCL,157.0,158.0,155.0,158.0,3411
2018-06-19,HIDCL,158.0,158.0,154.0,157.0,5394
2018-06-20,HIDCL,156.0,160.0,156.0,156.0,5612
2018-06-21,HIDCL,156.0,159.0,155.0,158.0,7130
2018-06-24,HIDCL,155.0,159.0,155.0,159.0,5141
2018-06-25,HIDCL,159.0,160.0,154.0,154.0,4710
2018-06-26,HIDCL,152.0,156.0,152.0,152.0,10442
2018-06-27,HIDCL,152.0,158.0,151.0,156.0,4890
2018-06-28,HIDCL,156.0,156.0,153.0,153.0,1621
2018-07-01,HIDCL,153.0,154.0,150.0,150.0,13299
2018-07-02,HIDCL,150.0,152.0,145.0,149.0,21338
2018-07-03,HIDCL,148.0,155.0,148.0,153.0,7654
2018-07-04,HIDCL,153.0,153.0,150.0,152.0,10380
2018-07-05,HIDCL,153.0,158.0,151.0,158.0,6018
2018-07-08,HIDCL,158.0,160.0,152.0,155.0,7306
2018-07-09,HIDCL,156.0,156.0,150.0,152.0,10910
2018-07-10,HIDCL,154.0,154.0,150.0,150.0,14751
2018-07-11,HIDCL,150.0,156.0,150.0,153.0,2516
2018-07-12,HIDCL,150.0,153.0,149.0,153.0,4603
2018-07-15,HIDCL,153.0,157.0,150.0,157.0,11618
2018-07-16,HIDCL,154.0,157.0,150.0,155.0,22791
2018-07-17,HIDCL,155.0,157.0,152.0,154.0,17111
2018-07-18,HIDCL,154.0,157.0,152.0,157.0,11666
2018-07-19,HIDCL,154.0,158.0,152.0,155.0,5866
2018-07-22,HIDCL,154.0,158.0,153.0,158.0,14799
2018-07-23,HIDCL,155.0,170.0,155.0,170.0,34091
2018-07-24,HIDCL,167.0,173.0,164.0,169.0,30101
2018-07-25,HIDCL,171.0,174.0,165.0,166.0,7382
2018-07-26,HIDCL,166.0,170.0,161.0,168.0,28187
2018-07-29,HIDCL,169.0,179.0,169.0,177.0,72076
2018-07-30,HIDCL,179.0,181.0,170.0,172.0,85433
2018-07-31,HIDCL,170.0,171.0,166.0,167.0,24824
2018-08-01,HIDCL,168.0,168.0,162.0,167.0,9505
2018-08-02,HIDCL,164.0,165.0,163.0,163.0,15133
2018-08-05,HIDCL,163.0,164.0,160.0,162.0,10148
2018-08-06,HIDCL,164.0,165.0,160.0,162.0,7440
2018-08-07,HIDCL,160.0,165.0,160.0,163.0,5889
2018-08-08,HIDCL,160.0,166.0,160.0,162.0,6634
2018-08-09,HIDCL,163.0,164.0,160.0,164.0,11993
2018-08-12,HIDCL,167.0,167.0,161.0,164.0,7815
2018-08-13,HIDCL,163.0,164.0,160.0,164.0,3830
2018-08-14,HIDCL,167.0,167.0,161.0,163.0,5122
2018-08-15,HIDCL,161.0,169.0,161.0,169.0,9450
2018-08-16,HIDCL,170.0,171.0,163.0,167.0,19449
2018-08-19,HIDCL,164.0,166.0,160.0,160.0,16240
2018-08-20,HIDCL,163.0,163.0,160.0,161.0,6588
2018-08-21,HIDCL,160.0,162.0,160.0,160.0,4808
2018-08-23,HIDCL,163.0,163.0,160.0,160.0,2804
2018-08-26,HIDCL,160.0,161.0,159.0,160.0,2365
2018-08-28,HIDCL,160.0,162.0,157.0,162.0,4581
2018-08-29,HIDCL,159.0,160.0,157.0,159.0,5227
2018-08-30,HIDCL,161.0,161.0,158.0,161.0,1992
2018-09-02,HIDCL,164.0,164.0,158.0,161.0,5169
2018-09-03,HIDCL,161.0,164.0,158.0,162.0,11787
2018-09-04,HIDCL,162.0,164.0,160.0,161.0,7295
2018-09-05,HIDCL,163.0,165.0,160.0,163.0,12568
2018-09-06,HIDCL,161.0,164.0,161.0,161.0,8051
2018-09-09,HIDCL,161.0,161.0,158.0,159.0,5229
2018-09-10,HIDCL,158.0,159.0,156.0,156.0,7363
2018-09-11,HIDCL,155.0,159.0,155.0,157.0,4398
2018-09-12,HIDCL,157.0,161.0,156.0,160.0,7465
2018-09-13,HIDCL,157.0,163.0,157.0,163.0,31531
2018-09-16,HIDCL,166.0,166.0,160.0,162.0,20853
2018-09-17,HIDCL,163.0,164.0,161.0,162.0,12356
2018-09-18,HIDCL,160.0,166.0,160.0,164.0,22342
2018-09-20,HIDCL,161.0,164.0,161.0,162.0,6118
2018-09-23,HIDCL,159.0,165.0,159.0,160.0,4973
2018-09-25,HIDCL,163.0,166.0,157.0,160.0,42558
2018-09-26,HIDCL,160.0,164.0,160.0,161.0,21993
2018-09-27,HIDCL,158.0,165.0,158.0,165.0,22094
2018-09-30,HIDCL,162.0,165.0,160.0,161.0,22435
2018-10-01,HIDCL,160.0,164.0,160.0,161.0,13918
2018-10-02,HIDCL,159.0,162.0,158.0,160.0,5269
2018-10-03,HIDCL,159.0,161.0,159.0,160.0,6193
2018-10-04,HIDCL,160.0,160.0,158.0,159.0,7676
2018-10-07,HIDCL,157.0,158.0,156.0,157.0,4061
2018-10-08,HIDCL,155.0,160.0,155.0,158.0,6848
2018-10-09,HIDCL,157.0,161.0,157.0,158.0,4835
2018-10-10,HIDCL,157.0,162.0,156.0,158.0,3349
2018-10-11,HIDCL,157.0,159.0,157.0,157.0,5283
2018-10-14,HIDCL,159.0,162.0,158.0,158.0,2979
2018-10-15,HIDCL,157.0,159.0,157.0,158.0,2316
2018-10-21,HIDCL,158.0,159.0,158.0,158.0,1142
2018-10-22,HIDCL,158.0,161.0,158.0,161.0,2263
2018-10-23,HIDCL,163.0,163.0,158.0,159.0,831
2018-10-24,HIDCL,158.0,162.0,157.0,159.0,3857
2018-10-25,HIDCL,159.0,160.0,157.0,158.0,6827
2018-10-28,HIDCL,157.0,161.0,156.0,159.0,2305
2018-10-29,HIDCL,160.0,160.0,155.0,156.0,5547
2018-10-30,HIDCL,155.0,162.0,155.0,162.0,3656
2018-10-31,HIDCL,161.0,161.0,155.0,156.0,2259
2018-11-01,HIDCL,155.0,159.0,155.0,159.0,1680
2018-11-04,HIDCL,157.0,160.0,154.0,158.0,3774
2018-11-05,HIDCL,156.0,160.0,156.0,160.0,1213
2018-11-15,HIDCL,155.0,157.0,154.0,156.0,1208
2018-11-18,HIDCL,154.0,157.0,153.0,153.0,5863
2018-11-19,HIDCL,153.0,153.0,152.0,152.0,5642
2018-11-20,HIDCL,152.0,154.0,152.0,154.0,4428
2018-11-21,HIDCL,154.0,155.0,152.0,152.0,8396
2018-11-22,HIDCL,152.0,153.0,151.0,152.0,6414
2018-11-25,HIDCL,152.0,153.0,150.0,153.0,13501
2018-11-26,HIDCL,153.0,153.0,150.0,151.0,2896
2018-11-27,HIDCL,151.0,154.0,151.0,153.0,2952
2018-11-28,HIDCL,152.29,153.0,150.0,152.0,7494
2018-11-29,HIDCL,152.0,152.0,149.0,150.0,5040
2018-12-02,HIDCL,150.0,151.0,147.0,148.0,8491
2018-12-03,HIDCL,148.0,151.0,147.0,151.0,6074
2018-12-04,HIDCL,151.0,152.0,146.0,148.0,3712
2018-12-06,HIDCL,146.0,148.0,145.0,147.0,6395
2018-12-09,HIDCL,147.0,149.0,145.0,149.0,3775
2018-12-10,HIDCL,149.0,149.0,144.0,145.0,8896
2018-12-11,HIDCL,145.0,148.0,145.0,147.0,5855
2018-12-12,HIDCL,147.0,147.0,145.0,146.0,3478
2018-12-13,HIDCL,146.0,150.0,144.0,147.0,7879
2018-12-16,HIDCL,147.0,157.0,147.0,147.0,805
2018-12-17,HIDCL,147.0,149.0,145.0,148.0,3156
2018-12-18,HIDCL,148.0,148.0,146.0,148.0,12729
2018-12-19,HIDCL,148.0,148.0,144.0,146.0,1944
2018-12-20,HIDCL,146.0,147.0,146.0,146.0,2615
2018-12-23,HIDCL,146.0,154.0,146.0,152.0,13599
2018-12-24,HIDCL,152.0,167.0,152.0,167.0,58066
2018-12-25,HIDCL,167.0,176.0,167.0,169.0,94717
2018-12-26,HIDCL,169.0,174.0,169.0,172.0,45206
2018-12-30,HIDCL,169.0,171.0,168.0,170.0,23003
2018-12-31,HIDCL,170.0,173.0,168.0,170.0,45438
2019-01-01,HIDCL,154.55,160.0,151.0,152.0,6502
2019-01-02,HIDCL,152.0,152.0,150.0,151.0,6001
2019-01-03,HIDCL,151.0,154.0,150.0,151.0,1970
2019-01-06,HIDCL,151.0,153.0,150.0,150.0,2125
2019-01-07,HIDCL,150.0,153.0,150.0,150.0,1955
2019-01-08,HIDCL,150.0,153.0,150.0,152.0,1575
2019-01-09,HIDCL,152.0,154.0,151.0,153.0,44634
2019-01-10,HIDCL,153.0,154.0,149.0,152.0,14329
2019-01-13,HIDCL,152.0,152.0,149.0,150.0,1073
2019-01-15,HIDCL,150.0,152.0,149.0,151.0,27657
2019-01-16,HIDCL,151.0,153.0,149.0,150.0,11245
2019-01-17,HIDCL,150.0,152.0,149.0,149.0,6184
2019-01-20,HIDCL,149.0,151.0,147.0,148.0,2037
2019-01-21,HIDCL,148.0,150.0,146.0,147.0,2966
2019-01-23,HIDCL,145.0,148.0,143.0,145.0,6089
2019-01-24,HIDCL,145.0,148.0,140.0,146.0,78827
2019-01-27,HIDCL,146.0,148.0,140.0,144.0,17291
2019-01-28,HIDCL,144.0,146.0,142.0,142.0,2682
2019-01-29,HIDCL,142.0,146.0,141.0,143.0,7452
2019-01-30,HIDCL,143.0,144.0,141.0,143.0,5239
2019-01-31,HIDCL,143.0,143.0,140.0,142.0,10316
2019-02-03,HIDCL,140.0,142.0,139.0,141.0,11793
2019-02-04,HIDCL,140.0,141.0,138.0,138.0,14968
2019-02-05,HIDCL,137.0,142.0,137.0,139.0,10281
2019-02-06,HIDCL,137.0,140.0,137.0,137.0,8791
2019-02-07,HIDCL,137.0,140.0,136.0,138.0,3619
2019-02-10,HIDCL,136.0,138.0,134.0,135.0,8711
2019-02-11,HIDCL,134.0,138.0,134.0,138.0,4163
2019-02-12,HIDCL,136.0,138.0,134.0,134.0,7306
2019-02-13,HIDCL,134.0,136.0,134.0,136.0,2586
2019-02-14,HIDCL,136.0,136.0,132.0,132.0,17185
2019-02-17,HIDCL,134.0,136.0,132.0,133.0,5651
2019-02-18,HIDCL,133.0,133.0,130.0,131.0,8653
2019-02-19,HIDCL,132.0,134.0,129.0,134.0,4907
2019-02-20,HIDCL,134.0,136.0,131.0,133.0,22967
2019-02-21,HIDCL,133.0,133.0,130.0,133.0,1311
2019-02-24,HIDCL,131.0,133.0,130.0,130.0,5297
2019-02-25,HIDCL,129.0,133.0,129.0,131.0,5235
2019-02-26,HIDCL,129.0,134.0,129.0,131.0,5274
2019-02-27,HIDCL,133.0,133.0,130.0,133.0,6773
2019-03-03,HIDCL,133.0,133.0,129.0,130.0,5610
2019-03-05,HIDCL,130.0,132.0,129.0,130.0,9627
2019-03-06,HIDCL,129.0,131.0,128.0,130.0,3255
2019-03-07,HIDCL,130.0,133.0,128.0,133.0,8555
2019-03-10,HIDCL,131.0,133.0,130.0,132.0,666
2019-03-11,HIDCL,131.0,133.0,129.0,131.0,11853
2019-03-12,HIDCL,131.0,139.0,130.0,135.0,14368
2019-03-13,HIDCL,135.0,136.0,134.0,135.0,3472
2019-03-14,HIDCL,133.0,138.0,130.0,134.0,4519
2019-03-17,HIDCL,134.0,138.0,134.0,134.0,3926
2019-03-18,HIDCL,134.0,135.0,133.0,133.0,5685
2019-03-19,HIDCL,132.0,134.0,131.0,133.0,5412
2019-03-21,HIDCL,133.0,133.0,130.0,132.0,7326
2019-03-24,HIDCL,131.0,132.0,130.0,132.0,2449
2019-03-25,HIDCL,130.0,132.0,129.0,131.0,14739
2019-03-26,HIDCL,131.0,132.0,130.0,131.0,3501
2019-03-28,HIDCL,130.0,132.0,130.0,131.0,7123
2019-03-31,HIDCL,132.0,135.0,131.0,134.0,8566
2019-04-01,HIDCL,132.0,135.0,132.0,134.0,4756
2019-04-02,HIDCL,132.0,140.0,132.0,136.0,15312
2019-04-03,HIDCL,135.0,142.0,135.0,139.0,25017
2019-04-04,HIDCL,138.0,140.0,138.0,138.0,4828
2019-04-07,HIDCL,138.0,140.0,134.0,138.0,2371
2019-04-08,HIDCL,138.0,140.0,138.0,138.0,14757
2019-04-09,HIDCL,139.0,139.0,135.0,136.0,7171
2019-04-10,HIDCL,134.0,140.0,134.0,139.0,7144
2019-04-11,HIDCL,139.0,139.0,135.0,139.0,4201
2019-04-15,HIDCL,137.0,138.0,135.0,138.0,1274
2019-04-16,HIDCL,140.0,140.0,136.0,138.0,3307
2019-04-17,HIDCL,138.0,142.0,137.0,140.0,6645
2019-04-18,HIDCL,138.0,142.0,137.0,137.0,7192
2019-04-21,HIDCL,137.0,142.0,136.0,138.0,16943
2019-04-22,HIDCL,140.0,141.0,138.0,139.0,25156
2019-04-23,HIDCL,138.0,138.0,136.0,136.0,5901
2019-04-24,HIDCL,135.0,141.0,135.0,138.0,9932
2019-04-25,HIDCL,136.0,139.0,136.0,139.0,21189
2019-04-28,HIDCL,139.0,148.0,139.0,146.0,43827
2019-04-29,HIDCL,145.0,147.0,140.0,144.0,23093
2019-04-30,HIDCL,144.0,151.0,140.0,145.0,24508
2019-05-02,HIDCL,143.0,147.0,141.0,142.0,9996
2019-05-05,HIDCL,141.0,142.0,140.0,140.0,7669
2019-05-06,HIDCL,140.0,142.0,139.0,141.0,4157
2019-05-07,HIDCL,140.0,144.0,140.0,142.0,6890
2019-05-08,HIDCL,141.0,143.0,141.0,141.0,4193
2019-05-09,HIDCL,141.0,145.0,141.0,143.0,6752
2019-05-12,HIDCL,142.0,146.0,139.0,146.0,11824
2019-05-13,HIDCL,146.0,160.0,145.0,160.0,160063
2019-05-14,HIDCL,163.0,172.0,152.0,155.0,101891
2019-05-15,HIDCL,152.0,170.0,152.0,163.0,81467
2019-05-16,HIDCL,165.0,167.0,161.0,161.0,36536
2019-05-19,HIDCL,158.0,161.0,153.0,159.0,30293
2019-05-20,HIDCL,160.0,162.0,157.0,158.0,27247
2019-05-21,HIDCL,156.0,168.0,156.0,166.0,74352
2019-05-22,HIDCL,168.0,182.0,165.0,179.0,213727
2019-05-23,HIDCL,180.0,180.0,165.0,167.0,109932
2019-05-26,HIDCL,170.0,173.0,164.0,166.0,58898
2019-05-27,HIDCL,158.0,169.0,158.0,167.0,20504
2019-05-28,HIDCL,164.0,169.0,164.0,164.0,17325
2019-05-29,HIDCL,167.0,171.0,163.0,169.0,30751
2019-05-30,HIDCL,172.0,175.0,165.0,168.0,60103
2019-06-02,HIDCL,169.0,170.0,164.0,167.0,21249
2019-06-03,HIDCL,166.0,166.0,160.0,163.0,23039
2019-06-04,HIDCL,165.0,165.0,161.0,162.0,14769
2019-06-06,HIDCL,160.0,165.0,160.0,161.0,15805
2019-06-10,HIDCL,153.0,165.0,153.0,161.0,31225
2019-06-11,HIDCL,162.0,165.0,161.0,161.0,10689
2019-06-12,HIDCL,161.0,164.0,160.0,162.0,26282
2019-06-13,HIDCL,162.0,164.0,161.0,163.0,17942
2019-06-16,HIDCL,163.0,163.0,159.0,160.0,9599
2019-06-17,HIDCL,158.0,163.0,158.0,161.0,18051
2019-06-18,HIDCL,158.0,162.0,159.0,159.0,8706
2019-06-19,HIDCL,159.0,162.0,159.0,159.0,3005
2019-06-20,HIDCL,159.0,163.0,159.0,161.0,10481
2019-06-23,HIDCL,160.0,161.0,158.0,158.0,8440
2019-06-24,HIDCL,158.0,162.0,157.0,162.0,11416
2019-06-25,HIDCL,160.0,161.0,159.0,159.0,13001
2019-06-26,HIDCL,158.0,163.0,158.0,160.0,60371
2019-06-27,HIDCL,163.0,165.0,161.0,161.0,58207
2019-06-30,HIDCL,159.0,162.0,158.0,158.0,9018
2019-07-01,HIDCL,160.0,160.0,156.0,157.0,8779
2019-07-02,HIDCL,155.0,159.0,155.0,159.0,6932
2019-07-03,HIDCL,159.0,163.0,158.0,163.0,10470
2019-07-04,HIDCL,163.0,163.0,158.0,161.0,12667
2019-07-07,HIDCL,160.0,162.0,160.0,162.0,12640
2019-07-08,HIDCL,163.0,163.0,161.0,161.0,7768
2019-07-09,HIDCL,161.0,172.0,161.0,162.0,20790
2019-07-10,HIDCL,160.0,161.0,159.0,159.0,16834
2019-07-11,HIDCL,159.0,161.0,159.0,159.0,13308
2019-07-14,HIDCL,158.0,163.0,158.0,161.0,6143
2019-07-15,HIDCL,161.0,162.0,160.0,161.0,14272
2019-07-16,HIDCL,164.0,164.0,160.0,161.0,9159
2019-07-17,HIDCL,159.0,164.0,159.0,162.0,7615
2019-07-18,HIDCL,162.0,165.0,161.0,162.0,9392
2019-07-21,HIDCL,162.0,162.0,159.0,161.0,9133
2019-07-22,HIDCL,160.0,163.0,159.0,162.0,12524
2019-07-23,HIDCL,163.0,164.0,160.0,161.0,38882
2019-07-24,HIDCL,161.0,164.0,159.0,164.0,12730
2019-07-25,HIDCL,164.0,164.0,159.0,160.0,7203
2019-07-28,HIDCL,162.0,164.0,155.0,157.0,21487
2019-07-29,HIDCL,158.0,163.0,156.0,156.0,8994
2019-07-30,HIDCL,155.0,158.0,155.0,158.0,8285
2019-07-31,HIDCL,155.0,159.0,155.0,158.0,6497
2019-08-01,HIDCL,159.0,159.0,156.0,158.0,12241
2019-08-04,HIDCL,155.0,160.0,154.0,155.0,6477
2019-08-05,HIDCL,154.0,159.0,153.0,156.0,5186
2019-08-06,HIDCL,155.0,157.0,153.0,153.0,5174
2019-08-07,HIDCL,150.0,159.0,150.0,156.0,9808
2019-08-08,HIDCL,159.0,162.0,153.0,154.0,2381
2019-08-11,HIDCL,157.0,159.0,152.0,155.0,15486
2019-08-12,HIDCL,155.0,157.0,153.0,156.0,3214
2019-08-13,HIDCL,156.0,159.0,150.0,152.0,21491
2019-08-14,HIDCL,152.0,154.0,150.0,152.0,16035
2019-08-15,HIDCL,150.0,153.0,148.0,149.0,7264
2019-08-18,HIDCL,149.0,153.0,147.0,147.0,4101
2019-08-19,HIDCL,146.0,154.0,146.0,150.0,7349
2019-08-20,HIDCL,147.0,150.0,147.0,149.0,4129
2019-08-21,HIDCL,147.0,149.0,147.0,148.0,15657
2019-08-22,HIDCL,146.0,148.0,146.0,147.0,4184
2019-08-25,HIDCL,146.0,150.0,144.0,147.0,21795
2019-08-26,HIDCL,145.0,147.0,143.0,147.0,1726
2019-08-27,HIDCL,147.0,149.0,144.0,148.0,4401
2019-08-28,HIDCL,146.0,146.0,143.0,145.0,3015
2019-08-29,HIDCL,146.0,147.0,142.0,143.0,7785
2019-09-01,HIDCL,142.0,144.0,138.0,142.0,15149
2019-09-02,HIDCL,144.0,146.0,138.0,140.0,3712
2019-09-03,HIDCL,142.0,146.0,136.0,146.0,9281
2019-09-04,HIDCL,146.0,146.0,141.0,141.0,5782
2019-09-05,HIDCL,142.0,143.0,138.0,139.0,7147
2019-09-08,HIDCL,139.0,139.0,137.0,139.0,5690
2019-09-09,HIDCL,140.0,140.0,136.0,137.0,3188
2019-09-10,HIDCL,137.0,139.0,135.0,137.0,4586
2019-09-11,HIDCL,137.0,138.0,135.0,138.0,5720
2019-09-15,HIDCL,134.0,135.0,131.0,131.0,4926
2019-09-16,HIDCL,130.0,133.0,130.0,130.0,5901
2019-09-17,HIDCL,132.0,138.0,130.0,136.0,6438
2019-09-18,HIDCL,138.0,139.0,133.0,139.0,10065
2019-09-19,HIDCL,137.0,139.0,134.0,135.0,2864
2019-09-22,HIDCL,134.0,135.0,131.0,131.0,4285
2019-09-23,HIDCL,131.0,134.0,131.0,132.0,3467
2019-09-24,HIDCL,132.0,133.0,130.0,130.0,5858
2019-09-25,HIDCL,130.0,132.0,130.0,131.0,3038
2019-09-26,HIDCL,130.0,135.0,130.0,130.0,6199
2019-09-29,HIDCL,129.0,133.0,129.0,131.0,3164
2019-09-30,HIDCL,131.0,132.0,130.0,130.0,2480
2019-10-01,HIDCL,131.0,135.0,131.0,134.0,3125
2019-10-02,HIDCL,136.0,136.0,133.0,135.0,6057
2019-10-03,HIDCL,134.0,134.0,133.0,134.0,181
2019-10-10,HIDCL,133.0,133.0,131.0,133.0,3107
2019-10-14,HIDCL,135.0,140.0,135.0,139.0,9003
2019-10-15,HIDCL,138.0,141.0,137.0,138.0,6305
2019-10-16,HIDCL,137.0,140.0,136.0,137.0,3300
2019-10-17,HIDCL,137.0,140.0,136.0,140.0,4198
2019-10-20,HIDCL,139.0,139.0,136.0,136.0,5804
2019-10-21,HIDCL,134.0,139.0,134.0,137.0,1561
2019-10-22,HIDCL,136.0,137.0,135.0,137.0,873
2019-10-23,HIDCL,135.0,138.0,133.0,138.0,4299
2019-10-24,HIDCL,136.0,138.0,136.0,137.0,4724
2019-10-31,HIDCL,137.0,137.0,134.0,135.0,5261
2019-11-03,HIDCL,133.0,136.0,132.0,132.0,7756
2019-11-05,HIDCL,132.0,139.0,130.0,138.0,12838
2019-11-06,HIDCL,136.0,137.0,134.0,134.0,2555
2019-11-07,HIDCL,134.0,135.0,131.0,131.0,10354
2019-11-10,HIDCL,131.0,134.0,131.0,131.0,16912
2019-11-11,HIDCL,131.0,135.0,131.0,134.0,3814
2019-11-12,HIDCL,132.0,135.0,131.0,133.0,5397
2019-11-13,HIDCL,133.0,133.0,130.0,131.0,16900
2019-11-14,HIDCL,131.0,134.0,130.0,131.0,5145
2019-11-17,HIDCL,131.0,132.0,130.0,131.0,5735
2019-11-18,HIDCL,130.0,131.0,130.0,130.0,9439
2019-11-19,HIDCL,130.0,132.0,130.0,131.0,3949
2019-11-20,HIDCL,132.0,135.0,130.0,130.0,6567
2019-11-21,HIDCL,131.0,131.0,130.0,131.0,8206
2019-11-24,HIDCL,129.0,130.0,129.0,130.0,7696
2019-11-25,HIDCL,132.0,132.0,129.0,131.0,13037
2019-11-26,HIDCL,130.0,134.0,130.0,133.0,17855
2019-11-27,HIDCL,135.0,135.0,131.0,133.0,9275
2019-11-28,HIDCL,132.0,133.0,131.0,133.0,4516
2019-12-01,HIDCL,133.0,133.0,131.0,132.0,3947
2019-12-02,HIDCL,131.0,133.0,129.0,129.0,10364
2019-12-03,HIDCL,128.0,134.0,128.0,134.0,8648
2019-12-04,HIDCL,132.0,135.0,131.0,135.0,7878
2019-12-05,HIDCL,136.0,136.0,132.0,134.0,2262
2019-12-08,HIDCL,135.0,135.0,130.0,133.0,2294
2019-12-09,HIDCL,131.0,137.0,131.0,135.0,7365
2019-12-10,HIDCL,133.0,135.0,130.0,133.0,6159
2019-12-11,HIDCL,133.0,137.0,132.0,134.0,5406
2019-12-12,HIDCL,132.0,140.0,131.0,139.0,16115
2019-12-15,HIDCL,139.0,139.0,133.0,135.0,2036
2019-12-16,HIDCL,135.0,135.0,131.0,133.0,4213
2019-12-17,HIDCL,132.0,134.0,132.0,132.0,5235
2019-12-18,HIDCL,131.0,134.0,131.0,134.0,2483
2019-12-19,HIDCL,135.0,135.0,132.0,134.0,6434
2019-12-22,HIDCL,133.0,133.0,131.0,131.0,3613
2019-12-23,HIDCL,133.0,144.0,133.0,144.0,23058
2019-12-24,HIDCL,151.0,158.0,143.0,143.0,119918
2019-12-25,HIDCL,143.0,149.0,143.0,146.0,28421
2019-12-26,HIDCL,146.0,148.0,145.0,147.0,21053
2019-12-29,HIDCL,146.0,146.0,144.0,145.0,10588
2019-12-30,HIDCL,146.0,146.0,143.0,144.0,8585
2019-12-31,HIDCL,144.0,145.0,143.0,144.0,11492
2020-01-01,HIDCL,143.0,149.0,142.0,145.0,63112
2020-01-02,HIDCL,143.0,143.0,132.0,134.0,12371
2020-01-05,HIDCL,132.0,136.0,132.0,135.0,10433
2020-01-06,HIDCL,135.0,139.0,134.0,136.0,10450
2020-01-07,HIDCL,134.0,137.0,134.0,135.0,9486
2020-01-08,HIDCL,135.0,135.0,132.0,134.0,10869
2020-01-09,HIDCL,133.0,136.0,132.0,135.0,4941
2020-01-12,HIDCL,133.0,140.0,133.0,140.0,24325
2020-01-13,HIDCL,140.0,147.0,138.0,140.0,40687
2020-01-14,HIDCL,142.0,143.0,139.0,140.0,17740
2020-01-15,HIDCL,140.0,148.0,139.0,141.0,21596
2020-01-16,HIDCL,143.0,145.0,141.0,145.0,19349
2020-01-19,HIDCL,144.0,147.0,144.0,146.0,33360
2020-01-20,HIDCL,148.0,150.0,139.0,141.0,51032
2020-01-21,HIDCL,143.0,143.0,140.0,142.0,21088
2020-01-22,HIDCL,140.0,140.0,137.0,140.0,15328
2020-01-23,HIDCL,140.0,142.0,137.0,137.0,9815
2020-01-26,HIDCL,143.0,143.0,134.0,135.0,23559
2020-01-27,HIDCL,134.0,139.0,134.0,136.0,14862
2020-01-28,HIDCL,138.0,139.0,135.0,137.0,8557
2020-01-29,HIDCL,137.0,137.0,134.0,134.0,11615
2020-01-30,HIDCL,136.0,140.0,136.0,137.0,30658
2020-02-02,HIDCL,137.0,140.0,136.0,138.0,19042
2020-02-03,HIDCL,138.0,144.0,136.0,142.0,17888
2020-02-04,HIDCL,141.0,142.0,138.0,139.0,21522
2020-02-05,HIDCL,141.0,142.0,137.0,137.0,29436
2020-02-06,HIDCL,137.0,141.0,137.0,137.0,10296
2020-02-09,HIDCL,136.0,142.0,136.0,139.0,13971
2020-02-10,HIDCL,140.0,140.0,138.0,140.0,4090
2020-02-11,HIDCL,138.0,142.0,138.0,141.0,14172
2020-02-12,HIDCL,139.0,141.0,137.0,139.0,14073
2020-02-13,HIDCL,141.0,141.0,136.0,139.0,19565
2020-02-16,HIDCL,137.0,139.0,136.0,136.0,12817
2020-02-17,HIDCL,136.0,143.0,136.0,140.0,40432
2020-02-18,HIDCL,139.0,141.0,137.0,139.0,21385
2020-02-19,HIDCL,137.0,142.0,135.0,139.0,6374
2020-02-23,HIDCL,141.0,152.0,139.0,146.0,95419
2020-02-24,HIDCL,146.0,150.0,142.0,142.0,23935
2020-02-25,HIDCL,142.0,156.0,141.0,155.0,146913
2020-02-26,HIDCL,158.0,165.0,150.0,157.0,84944
2020-02-27,HIDCL,157.0,160.0,150.0,150.0,60040
2020-03-01,HIDCL,150.0,154.0,147.0,148.0,74157
2020-03-02,HIDCL,146.0,151.0,140.0,142.0,17069
2020-03-03,HIDCL,142.0,146.0,136.0,143.0,25668
2020-03-05,HIDCL,137.0,141.0,136.0,138.0,31980
2020-03-10,HIDCL,136.0,136.0,133.0,133.0,7979
2020-03-11,HIDCL,135.0,141.0,133.0,140.0,18688
2020-03-12,HIDCL,138.0,142.0,135.0,135.0,17800
2020-03-15,HIDCL,133.0,137.0,130.0,132.0,34042
2020-03-16,HIDCL,132.0,135.0,131.0,134.0,10700
2020-03-17,HIDCL,134.0,134.0,130.0,131.0,21088
2020-03-18,HIDCL,129.0,131.0,127.0,130.0,23462
2020-03-19,HIDCL,128.0,132.0,126.0,130.0,19063
2020-03-22,HIDCL,128.0,130.0,126.0,129.0,1200
2020-05-12,HIDCL,127.0,127.0,126.0,126.0,1140
2020-05-13,HIDCL,124.0,124.0,124.0,124.0,20
2020-06-29,HIDCL,122.0,122.0,116.0,118.0,3356
2020-06-30,HIDCL,121.0,124.0,121.0,124.0,852
2020-07-01,HIDCL,126.0,132.0,126.0,130.0,2903
2020-07-02,HIDCL,132.0,134.0,120.0,120.0,2533
2020-07-05,HIDCL,120.0,124.0,118.0,121.0,3156
2020-07-06,HIDCL,123.0,130.0,123.0,128.0,6437
2020-07-07,HIDCL,126.0,135.0,126.0,135.0,13370
2020-07-08,HIDCL,133.0,133.0,127.0,128.0,11583
2020-07-09,HIDCL,126.0,132.0,126.0,127.0,5182
2020-07-12,HIDCL,126.0,134.0,126.0,134.0,5549
2020-07-13,HIDCL,132.0,132.0,128.0,131.0,9799
2020-07-14,HIDCL,130.0,131.0,127.0,131.0,6323
2020-07-15,HIDCL,129.0,133.0,129.0,133.0,9448
2020-07-16,HIDCL,131.0,135.0,131.0,133.0,8460
2020-07-19,HIDCL,135.0,135.0,135.0,135.0,60
2020-07-20,HIDCL,141.0,147.0,135.0,138.0,24982
2020-07-21,HIDCL,138.0,138.0,132.0,132.0,15838
2020-07-22,HIDCL,132.0,134.0,131.0,132.0,14894
2020-07-23,HIDCL,130.0,133.0,129.0,130.0,19312
2020-07-27,HIDCL,131.0,133.0,129.0,132.0,22496
2020-07-28,HIDCL,130.0,132.0,129.0,131.0,11175
2020-07-29,HIDCL,129.0,131.0,129.0,129.0,14209
2020-07-30,HIDCL,128.0,135.0,128.0,130.0,10681
2020-08-02,HIDCL,130.0,130.0,128.0,129.0,15767
2020-08-03,HIDCL,128.0,130.0,128.0,129.0,7388
2020-08-05,HIDCL,129.0,130.0,127.0,128.0,9200
2020-08-06,HIDCL,127.0,131.0,126.0,128.0,10598
2020-08-09,HIDCL,127.0,128.0,126.0,128.0,15625
2020-08-10,HIDCL,127.0,130.0,126.0,128.0,19848
2020-08-11,HIDCL,127.0,131.0,127.0,128.0,14327
2020-08-12,HIDCL,126.0,131.0,126.0,129.0,5646
2020-08-13,HIDCL,127.0,131.0,127.0,128.0,16980
2020-08-16,HIDCL,126.0,128.0,125.0,127.0,8589
2020-08-17,HIDCL,126.0,131.0,126.0,131.0,8551
2020-08-18,HIDCL,129.0,130.0,125.0,129.0,31517
2020-08-19,HIDCL,127.0,129.0,125.0,129.0,43739
2020-08-20,HIDCL,127.0,128.0,125.0,128.0,40100
2020-08-23,HIDCL,126.0,127.0,125.0,127.0,21040
2020-08-24,HIDCL,127.0,131.0,126.0,129.0,12057
2020-08-25,HIDCL,127.0,130.0,127.0,128.0,10837
2020-08-27,HIDCL,130.0,133.0,129.0,132.0,32492
2020-08-31,HIDCL,129.0,146.0,129.0,142.0,125488
2020-09-02,HIDCL,144.0,156.0,141.0,154.0,249064
2020-09-03,HIDCL,161.0,163.0,145.0,146.0,169967
2020-09-06,HIDCL,153.0,153.0,142.0,144.0,47111
2020-09-07,HIDCL,146.0,148.0,141.0,143.0,42601
2020-09-08,HIDCL,141.0,147.0,141.0,146.0,30435
2020-09-09,HIDCL,148.0,153.0,144.0,146.0,35979
2020-09-10,HIDCL,148.0,149.0,143.0,143.0,20251
2020-09-13,HIDCL,145.0,151.0,142.0,148.0,46974
2020-09-14,HIDCL,150.0,162.0,150.0,157.0,153481
2020-09-15,HIDCL,160.0,160.0,151.0,151.0,37360
2020-09-16,HIDCL,150.0,160.0,150.0,156.0,72814
2020-09-17,HIDCL,163.0,171.0,156.0,171.0,271380
2020-09-20,HIDCL,179.0,183.0,160.0,162.0,81377
2020-09-21,HIDCL,170.0,170.0,156.0,160.0,75515
2020-09-22,HIDCL,168.0,168.0,156.0,158.0,86759
2020-09-23,HIDCL,165.0,165.0,156.0,161.0,57795
2020-09-24,HIDCL,169.0,176.0,161.0,176.0,282507
2020-09-27,HIDCL,177.0,192.0,170.0,181.0,270660
2020-09-28,HIDCL,180.0,184.0,176.0,178.0,189724
2020-09-29,HIDCL,177.0,181.0,175.0,180.0,256468
2020-09-30,HIDCL,178.0,182.0,175.0,178.0,99446
2020-10-01,HIDCL,179.0,180.0,172.0,174.0,137147
2020-10-04,HIDCL,174.0,177.0,170.0,171.0,101653
2020-10-05,HIDCL,173.0,180.0,171.0,176.0,190846
2020-10-06,HIDCL,184.0,188.0,177.0,186.0,261285
2020-10-07,HIDCL,178.0,204.0,178.0,204.0,535400
2020-10-08,HIDCL,205.0,214.0,194.0,197.0,275958
2020-10-11,HIDCL,194.0,199.0,185.0,189.0,167644
2020-10-12,HIDCL,187.0,192.0,185.0,188.0,105875
2020-10-13,HIDCL,188.0,192.0,184.0,186.0,105510
2020-10-14,HIDCL,184.0,186.0,180.0,180.0,78306
2020-10-15,HIDCL,182.0,188.0,179.0,181.0,109387
2020-10-18,HIDCL,179.0,182.0,178.0,181.0,43854
2020-10-19,HIDCL,182.0,191.0,182.0,190.0,107609
2020-10-20,HIDCL,193.0,200.0,190.0,199.0,306510
2020-10-21,HIDCL,202.0,202.0,193.0,194.0,86447
2020-10-22,HIDCL,203.0,203.0,189.0,194.0,91790
2020-10-28,HIDCL,197.0,200.0,193.0,198.0,148213
2020-10-29,HIDCL,196.0,212.0,196.0,205.0,230651
2020-11-01,HIDCL,209.0,225.0,206.0,225.0,559361
2020-11-02,HIDCL,236.0,238.0,218.0,226.0,348039
2020-11-03,HIDCL,229.0,233.0,221.0,229.0,280004
2020-11-04,HIDCL,228.0,234.0,226.0,234.0,187796
2020-11-05,HIDCL,235.0,240.0,232.0,235.0,306889
2020-11-08,HIDCL,246.0,248.0,235.0,245.0,254552
2020-11-09,HIDCL,250.0,253.0,236.0,237.0,244020
2020-11-10,HIDCL,239.0,243.0,235.0,239.0,199944
2020-11-11,HIDCL,242.0,243.0,236.0,237.0,123645
2020-11-12,HIDCL,240.0,240.0,232.0,235.0,130138
2020-11-18,HIDCL,233.0,240.0,229.0,231.0,115394
2020-11-19,HIDCL,234.0,245.0,229.0,242.0,222214
2020-11-22,HIDCL,232.0,258.0,232.0,252.0,369722
2020-11-23,HIDCL,256.0,277.0,249.0,277.0,453337
2020-11-24,HIDCL,282.0,300.0,278.0,294.0,308358
2020-11-25,HIDCL,299.0,304.0,285.0,290.0,197346
2020-11-26,HIDCL,292.0,295.0,281.0,281.0,281370
2020-11-29,HIDCL,290.0,290.0,275.0,276.0,271798
2020-11-30,HIDCL,280.0,299.0,271.0,289.0,271568
2020-12-01,HIDCL,285.0,298.0,283.0,286.0,188311
2020-12-02,HIDCL,289.0,307.0,287.0,293.0,210869
2020-12-03,HIDCL,307.0,307.0,282.0,282.0,170107
2020-12-06,HIDCL,296.0,296.0,266.0,267.0,137857
2020-12-07,HIDCL,272.0,291.0,262.0,289.0,161554
2020-12-08,HIDCL,303.0,309.0,283.0,294.0,378971
2020-12-09,HIDCL,299.0,299.0,284.0,285.0,143155
2020-12-10,HIDCL,285.0,288.0,280.0,284.0,77211
2020-12-13,HIDCL,285.0,291.0,280.0,284.0,111216
2020-12-14,HIDCL,286.0,303.0,286.0,289.0,165837
2020-12-15,HIDCL,294.0,294.0,285.0,287.0,114674
2020-12-16,HIDCL,285.0,287.0,282.0,284.0,74756
2020-12-17,HIDCL,282.0,285.0,277.0,281.0,126368
2020-12-20,HIDCL,285.0,285.0,256.0,257.0,245072
2020-12-21,HIDCL,251.0,272.0,244.0,262.0,189395
2020-12-22,HIDCL,266.0,288.0,266.0,281.0,80813
2020-12-23,HIDCL,286.0,290.0,271.0,272.0,49037
2020-12-24,HIDCL,273.0,278.0,260.0,266.0,174205
2020-12-27,HIDCL,266.0,270.0,258.0,265.0,69555
2020-12-28,HIDCL,265.0,270.0,255.0,260.0,57638
2020-12-29,HIDCL,257.0,260.0,250.0,254.0,77168
2020-12-30,HIDCL,251.0,260.0,249.0,254.0,85978
2020-12-31,HIDCL,254.0,265.0,251.0,255.0,80776
2021-01-03,HIDCL,251.0,263.0,251.0,261.0,47854
2021-01-04,HIDCL,265.0,269.0,262.0,264.0,61954
2021-01-05,HIDCL,261.0,278.0,253.0,266.0,95256
2021-01-06,HIDCL,269.0,274.0,265.0,267.0,53446
2021-01-07,HIDCL,267.0,272.0,264.0,267.0,62562
2021-01-10,HIDCL,268.0,280.0,264.0,269.0,61723
2021-01-11,HIDCL,274.0,274.0,265.0,269.0,41977
2021-01-12,HIDCL,269.0,275.0,265.0,275.0,151940
2021-01-13,HIDCL,280.0,280.0,273.0,277.0,81788
2021-01-17,HIDCL,285.0,304.0,285.0,304.0,150570
2021-01-18,HIDCL,319.0,334.0,319.0,334.0,112843
2021-01-19,HIDCL,350.0,367.0,315.0,327.0,710266
2021-01-20,HIDCL,343.0,343.0,319.0,325.0,134530
2021-01-21,HIDCL,341.0,341.0,323.0,325.0,157738
2021-01-24,HIDCL,331.0,357.0,323.0,357.0,551286
2021-01-25,HIDCL,357.0,387.0,357.0,364.0,265518
2021-01-26,HIDCL,370.0,377.0,356.0,356.0,134657
2021-01-27,HIDCL,373.0,373.0,352.0,354.0,138446
2021-01-28,HIDCL,371.0,371.0,340.0,345.0,176384
2021-01-31,HIDCL,345.0,348.0,331.0,334.0,117496
2021-02-01,HIDCL,340.0,356.0,336.0,347.0,196330
2021-02-02,HIDCL,353.0,358.0,346.0,350.0,91936
2021-02-03,HIDCL,367.0,367.0,344.0,347.0,143108
2021-02-04,HIDCL,350.0,350.0,342.0,346.0,113692
2021-02-07,HIDCL,363.0,363.0,345.0,353.0,162260
2021-02-08,HIDCL,355.0,357.0,346.0,351.0,103177
2021-02-09,HIDCL,360.0,360.0,339.0,344.0,134020
2021-02-10,HIDCL,343.0,350.0,341.0,345.0,72185
2021-02-11,HIDCL,342.0,351.0,339.0,340.0,96142
2021-02-14,HIDCL,340.0,340.0,330.0,332.0,174247
2021-02-15,HIDCL,338.0,350.0,337.0,343.0,118086
2021-02-16,HIDCL,343.0,343.0,325.0,329.0,424112
2021-02-17,HIDCL,320.0,330.0,320.0,325.0,270761
2021-02-18,HIDCL,325.0,333.0,322.0,331.0,114631
2021-02-21,HIDCL,334.0,335.0,322.0,330.0,133824
2021-02-22,HIDCL,326.0,341.0,326.0,328.0,112031
2021-02-23,HIDCL,332.0,334.0,322.0,327.0,109012
2021-02-24,HIDCL,327.0,337.0,327.0,331.0,115103
2021-02-25,HIDCL,346.0,346.0,326.0,328.0,81175
2021-02-28,HIDCL,312.0,334.0,312.0,318.0,134571
2021-03-01,HIDCL,303.0,325.0,303.0,322.0,88292
2021-03-02,HIDCL,338.0,338.0,324.0,329.0,274979
2021-03-03,HIDCL,335.0,335.0,321.0,325.0,89315
2021-03-04,HIDCL,329.0,332.0,324.0,329.0,65016
2021-03-07,HIDCL,315.0,340.0,315.0,332.0,136384
2021-03-09,HIDCL,348.0,348.0,330.0,334.0,197945
2021-03-10,HIDCL,350.0,350.0,331.0,334.0,87543
2021-03-14,HIDCL,333.0,338.0,329.0,331.0,80594
2021-03-15,HIDCL,330.0,335.0,328.0,328.0,51194
2021-03-16,HIDCL,344.0,360.0,331.0,350.0,308438
2021-03-17,HIDCL,355.0,370.0,350.0,370.0,453907
2021-03-18,HIDCL,387.0,387.0,358.0,362.0,234881
2021-03-21,HIDCL,365.0,365.0,353.0,355.0,131831
2021-03-22,HIDCL,365.0,365.0,350.0,352.0,111852
2021-03-23,HIDCL,335.0,370.0,335.0,361.0,180992
2021-03-24,HIDCL,365.0,397.0,365.0,397.0,647762
2021-03-25,HIDCL,416.0,420.0,386.0,392.0,370975
2021-03-29,HIDCL,392.0,412.0,382.0,400.0,323037
2021-03-30,HIDCL,405.0,438.0,400.0,432.0,667128
2021-04-01,HIDCL,475.0,475.0,440.0,444.0,532114
2021-04-04,HIDCL,444.0,444.0,422.0,426.0,409587
2021-04-05,HIDCL,430.0,450.0,421.0,437.0,187868
2021-04-06,HIDCL,440.0,440.0,431.0,433.0,132280
2021-04-07,HIDCL,435.0,437.0,423.0,425.0,174057
2021-04-08,HIDCL,425.0,433.0,421.0,423.0,140256
2021-04-12,HIDCL,421.0,432.0,421.0,425.0,178466
2021-04-13,HIDCL,429.0,432.0,420.0,422.0,136255
2021-04-15,HIDCL,426.0,445.0,419.0,444.0,314322
2021-04-18,HIDCL,450.0,463.0,444.0,457.0,473531
2021-04-19,HIDCL,460.0,487.0,451.0,479.0,518809
2021-04-20,HIDCL,479.0,485.0,469.0,470.0,227487
2021-04-21,HIDCL,468.0,477.0,461.0,461.0,232028
2021-04-22,HIDCL,465.0,484.0,455.0,482.0,413156
2021-04-25,HIDCL,482.0,485.0,451.0,458.0,252554
2021-04-26,HIDCL,440.0,462.0,438.0,440.0,335457
2021-04-27,HIDCL,445.0,469.0,438.0,467.0,230968
2021-04-28,HIDCL,468.0,486.0,458.0,476.0,303531
2021-04-29,HIDCL,475.0,480.0,470.0,473.0,165628
2021-05-02,HIDCL,480.0,480.0,463.0,474.0,196277
2021-05-03,HIDCL,480.0,495.0,480.0,485.0,555755
2021-05-04,HIDCL,490.0,495.0,485.0,489.0,247295
2021-05-05,HIDCL,500.0,500.0,486.0,487.0,120971
2021-05-06,HIDCL,487.0,527.0,487.0,525.0,917265
2021-05-09,HIDCL,532.0,538.0,505.0,510.0,460356
2021-05-10,HIDCL,512.0,522.0,501.0,517.0,351692
2021-05-11,HIDCL,518.0,527.0,513.0,525.0,306829
2021-05-12,HIDCL,527.0,552.0,521.0,546.0,499655
2021-05-13,HIDCL,572.0,572.0,536.0,541.0,306784
2021-05-16,HIDCL,545.0,565.0,531.0,556.0,467423
2021-05-17,HIDCL,530.0,570.0,530.0,556.0,261338
2021-05-18,HIDCL,559.0,569.0,555.0,561.0,370996
2021-05-19,HIDCL,570.0,570.0,542.0,552.0,341168
2021-05-20,HIDCL,550.0,553.0,540.0,541.0,213018
2021-05-23,HIDCL,514.0,555.0,514.0,549.0,286684
2021-05-24,HIDCL,576.0,603.0,576.0,588.0,2109910
2021-05-25,HIDCL,599.0,599.0,572.0,574.0,522263
2021-05-27,HIDCL,555.0,601.0,555.0,577.0,350418
2021-05-30,HIDCL,606.0,606.0,566.0,569.0,324796
2021-05-31,HIDCL,590.0,590.0,565.0,567.0,572141
2021-06-01,HIDCL,580.0,580.0,570.0,558.0,269611
2021-06-02,HIDCL,560.0,580.0,555.0,561.0,269580
2021-06-03,HIDCL,570.0,570.0,552.0,553.0,335355
2021-06-06,HIDCL,555.0,564.0,535.0,542.0,327432
2021-06-07,HIDCL,516.0,559.0,516.0,552.0,264601
2021-06-08,HIDCL,577.0,577.0,548.0,549.0,274026
2021-06-09,HIDCL,555.0,555.0,542.0,544.0,315170
2021-06-10,HIDCL,550.0,555.0,546.0,585.0,1452530
2021-06-13,HIDCL,360.0,377.0,360.0,377.0,27718
2021-06-14,HIDCL,395.0,414.0,395.0,414.0,20527
2021-06-15,HIDCL,434.0,455.0,398.0,438.0,1190670
2021-06-16,HIDCL,417.0,439.0,400.0,412.0,482114
2021-06-17,HIDCL,430.0,430.0,401.0,412.0,218704
2021-06-20,HIDCL,412.0,418.0,385.0,393.0,248841
2021-06-21,HIDCL,394.0,421.0,368.0,410.0,780819
2021-06-22,HIDCL,410.0,451.0,410.0,451.0,733036
2021-06-23,HIDCL,473.0,494.0,454.0,465.0,638880
2021-06-24,HIDCL,470.0,475.0,456.0,459.0,426734
2021-06-27,HIDCL,465.0,486.0,450.0,472.0,550764
2021-06-28,HIDCL,490.0,508.0,455.0,508.0,555372
2021-06-29,HIDCL,508.0,508.0,458.0,467.0,632510
2021-06-30,HIDCL,490.0,490.0,438.0,447.0,208634
2021-07-01,HIDCL,469.0,469.0,446.0,458.0,155835
2021-07-04,HIDCL,470.0,470.0,443.0,453.0,253270
2021-07-05,HIDCL,445.0,471.0,436.0,470.0,240368
2021-07-06,HIDCL,472.0,472.0,441.0,444.0,228709
2021-07-07,HIDCL,449.0,449.0,430.0,440.0,158859
2021-07-08,HIDCL,432.0,460.0,428.0,446.0,205021
2021-07-11,HIDCL,450.0,459.0,441.0,455.0,262524
2021-07-12,HIDCL,455.0,460.0,436.0,436.0,198250
2021-07-13,HIDCL,436.0,446.0,436.0,443.0,146928
2021-07-14,HIDCL,440.0,458.0,437.0,450.0,208009
2021-07-15,HIDCL,450.0,456.0,440.0,449.0,173313
2021-07-18,HIDCL,452.0,464.1,441.0,464.0,414880
2021-07-19,HIDCL,473.0,473.0,449.4,455.0,269532
2021-07-20,HIDCL,464.1,464.1,428.5,443.0,241996
2021-07-22,HIDCL,442.5,447.7,435.0,438.1,177640
2021-07-25,HIDCL,436.0,443.0,429.0,435.1,264723
2021-07-26,HIDCL,435.0,441.0,433.0,435.2,122261
2021-07-27,HIDCL,436.0,469.0,435.0,450.0,351094
2021-07-28,HIDCL,450.0,476.0,441.0,469.0,348396
2021-07-29,HIDCL,469.0,469.0,451.0,454.0,226366
2021-08-01,HIDCL,445.0,465.0,445.0,459.9,377233
2021-08-02,HIDCL,469.0,469.0,452.0,458.0,186176
2021-08-03,HIDCL,455.0,465.0,454.2,463.9,328895
2021-08-04,HIDCL,473.0,473.0,454.0,462.5,551249
2021-08-05,HIDCL,470.0,479.2,454.0,455.0,565870
2021-08-08,HIDCL,460.0,463.5,450.0,455.0,361976
2021-08-09,HIDCL,455.0,459.0,445.0,459.0,391360
2021-08-10,HIDCL,460.0,504.0,444.0,487.0,420292
2021-08-11,HIDCL,477.5,479.4,458.7,470.5,808372
2021-08-12,HIDCL,470.5,508.0,470.0,498.9,896875
2021-08-15,HIDCL,498.9,538.5,461.0,529.2,505639
2021-08-16,HIDCL,518.7,570.0,499.0,570.0,1063540
2021-08-17,HIDCL,558.6,575.0,530.0,574.9,1101861
2021-08-18,HIDCL,563.5,575.0,535.0,574.0,597928
2021-08-19,HIDCL,570.0,570.0,516.6,517.0,917069
2021-08-24,HIDCL,507.0,507.0,465.3,465.3,530542
2021-08-25,HIDCL,457.0,484.5,431.0,450.0,339914
2021-08-26,HIDCL,455.0,480.2,443.0,450.0,416165
2021-08-29,HIDCL,450.0,468.1,438.1,443.0,228216
2021-08-31,HIDCL,443.0,451.0,429.1,430.0,204576
2021-09-01,HIDCL,430.0,446.0,421.4,424.2,184206
2021-09-02,HIDCL,416.0,440.0,403.0,404.0,224322
2021-09-05,HIDCL,405.0,405.0,363.6,370.0,308916
2021-09-06,HIDCL,370.0,407.0,369.0,407.0,293834
2021-09-07,HIDCL,415.1,438.9,406.0,428.0,244903
2021-09-08,HIDCL,436.5,436.5,411.0,415.0,129635
2021-09-09,HIDCL,415.0,430.0,410.0,417.0,81086
2021-09-12,HIDCL,425.3,440.0,420.0,436.9,151730
2021-09-13,HIDCL,445.6,463.5,427.0,432.0,197615
2021-09-14,HIDCL,434.0,439.0,422.4,427.0,70867
2021-09-15,HIDCL,435.0,435.0,412.0,413.0,85018
2021-09-16,HIDCL,413.0,413.0,397.0,400.0,196773
2021-09-20,HIDCL,392.0,406.8,371.0,372.0,168208
2021-09-21,HIDCL,370.0,401.0,343.0,372.0,164735
2021-09-22,HIDCL,379.4,402.0,375.0,396.0,107879
2021-09-23,HIDCL,403.0,411.0,382.2,382.5,88875
2021-09-26,HIDCL,387.0,388.0,364.0,364.0,96245
2021-09-27,HIDCL,371.2,377.9,348.0,351.0,99924
2021-09-28,HIDCL,351.0,358.0,323.0,327.0,121880
2021-09-29,HIDCL,327.0,344.0,317.0,335.9,90791
2021-09-30,HIDCL,336.0,353.0,331.5,332.0,74228
2021-10-03,HIDCL,332.0,333.0,306.0,307.0,97113
2021-10-04,HIDCL,305.0,321.0,295.0,304.0,74816
2021-10-05,HIDCL,310.0,316.0,295.0,307.0,52176
2021-10-06,HIDCL,310.0,319.0,310.0,313.0,72362
2021-10-10,HIDCL,311.0,326.0,302.0,307.0,73988
2021-10-11,HIDCL,313.0,313.0,299.0,304.0,79381
2021-10-17,HIDCL,310.0,316.2,301.0,306.0,27476
2021-10-18,HIDCL,306.0,308.0,298.5,300.0,36299
2021-10-19,HIDCL,300.0,300.0,285.0,292.0,57405
2021-10-20,HIDCL,297.8,309.0,295.0,296.0,51738
2021-10-21,HIDCL,298.0,305.0,294.0,300.0,79071
2021-10-24,HIDCL,301.0,305.0,295.0,303.0,53269
2021-10-25,HIDCL,305.0,324.0,304.0,322.0,86645
2021-10-26,HIDCL,328.0,354.2,328.0,353.0,117513
2021-10-27,HIDCL,360.0,373.3,348.9,351.9,162562
2021-10-28,HIDCL,353.0,370.2,342.0,363.0,103111
2021-10-31,HIDCL,363.0,392.0,360.0,391.0,128593
2021-11-01,HIDCL,398.0,413.0,390.0,402.0,205685
2021-11-02,HIDCL,410.0,410.0,392.5,400.0,106020
2021-11-03,HIDCL,408.0,412.0,392.0,394.0,82285
2021-11-08,HIDCL,401.8,405.8,380.0,384.9,65434
2021-11-09,HIDCL,380.0,387.0,361.2,362.0,106724
2021-11-11,HIDCL,369.2,370.0,347.0,350.0,82721
2021-11-14,HIDCL,343.0,343.0,315.0,315.0,343216
2021-11-15,HIDCL,308.7,336.9,291.0,329.5,898671
2021-11-16,HIDCL,330.0,338.0,323.0,334.7,459926
2021-11-17,HIDCL,339.0,341.2,329.0,329.4,311568
2021-11-18,HIDCL,329.4,330.0,317.0,319.0,297282
2021-11-21,HIDCL,320.0,325.0,313.6,315.0,367319
2021-11-22,HIDCL,319.0,324.0,314.0,315.0,231811
2021-11-23,HIDCL,315.0,319.0,308.0,311.0,214206
2021-11-24,HIDCL,311.0,322.3,303.0,315.0,216738
2021-11-25,HIDCL,320.0,321.0,310.0,310.5,163409
2021-11-28,HIDCL,305.0,312.9,298.0,300.0,415029
2021-11-29,HIDCL,304.0,310.0,296.0,299.0,273145
2021-11-30,HIDCL,303.0,303.0,292.0,297.9,200522
2021-12-01,HIDCL,299.0,303.0,295.0,296.0,212673
2021-12-02,HIDCL,296.1,300.9,287.7,288.0,229651
2021-12-05,HIDCL,290.0,290.0,275.4,277.5,266176
2021-12-06,HIDCL,277.0,293.7,261.0,286.0,340949
2021-12-07,HIDCL,289.0,300.0,285.0,287.9,322797
2021-12-08,HIDCL,290.0,292.0,272.0,280.0,161989
2021-12-09,HIDCL,282.0,282.0,271.0,279.0,152380
2021-12-12,HIDCL,279.0,280.0,264.6,266.0,205494
2021-12-13,HIDCL,263.0,270.9,247.0,249.0,297972
2021-12-14,HIDCL,253.0,273.9,253.0,273.9,171233
2021-12-15,HIDCL,279.0,300.9,268.0,277.1,372481
2021-12-16,HIDCL,277.0,280.0,267.0,268.2,174820
2021-12-20,HIDCL,253.1,256.0,244.1,250.0,216548
2021-12-21,HIDCL,252.0,259.0,249.5,256.0,212459
2021-12-22,HIDCL,256.0,272.0,256.0,271.0,338586
2021-12-23,HIDCL,275.0,275.0,265.0,268.9,200159
2021-12-26,HIDCL,274.0,274.2,266.0,267.3,130267
2021-12-27,HIDCL,272.6,272.6,255.0,255.0,250316
2021-12-28,HIDCL,255.0,258.0,246.2,255.0,129634
2021-12-29,HIDCL,256.0,258.8,251.0,255.0,79887
2022-01-02,HIDCL,255.0,259.5,252.0,255.9,103935
2022-01-03,HIDCL,259.9,262.0,256.0,256.0,97521
2022-01-04,HIDCL,261.0,265.0,252.9,264.0,143713
2022-01-05,HIDCL,269.2,279.0,265.0,268.2,390859
2022-01-06,HIDCL,268.2,276.0,266.0,274.0,217480
2022-01-09,HIDCL,274.0,299.5,274.0,299.4,543960
2022-01-10,HIDCL,305.0,318.0,301.0,313.9,677824
2022-01-11,HIDCL,320.0,320.0,306.0,314.5,341447
2022-01-12,HIDCL,314.5,340.0,309.0,324.0,844610
2022-01-13,HIDCL,330.0,339.5,321.0,337.6,660248
2022-01-16,HIDCL,344.3,355.0,339.0,344.0,668394
2022-01-17,HIDCL,344.0,349.0,335.1,340.5,458636
2022-01-18,HIDCL,340.5,345.0,320.1,330.0,464935
2022-01-19,HIDCL,333.0,333.0,318.0,321.5,473565
2022-01-20,HIDCL,327.0,336.8,316.3,336.5,397574
2022-01-23,HIDCL,340.0,342.5,325.9,328.0,374635
2022-01-24,HIDCL,326.0,328.0,312.0,317.0,589611
2022-01-25,HIDCL,323.3,324.0,311.0,314.6,363571
2022-01-26,HIDCL,320.0,320.0,306.1,308.0,317925
2022-01-27,HIDCL,310.0,314.0,309.0,310.0,271564
2022-01-30,HIDCL,316.2,334.0,316.2,332.5,703616
2022-01-31,HIDCL,339.1,365.0,335.0,357.0,1636783
2022-02-01,HIDCL,362.0,366.0,349.0,358.5,833880
2022-02-03,HIDCL,360.0,366.0,350.0,350.0,681834
2022-02-06,HIDCL,355.0,355.0,336.0,336.9,601352
2022-02-07,HIDCL,330.2,354.0,330.2,350.1,618812
2022-02-08,HIDCL,357.1,361.9,336.0,340.0,862340
2022-02-09,HIDCL,338.0,342.0,331.0,335.1,329960
2022-02-10,HIDCL,341.8,343.7,330.1,335.0,409300
2022-02-13,HIDCL,328.3,328.4,312.0,317.9,527946
2022-02-14,HIDCL,318.0,326.9,315.0,318.2,326690
2022-02-15,HIDCL,324.0,330.0,319.0,329.6,289771
2022-02-16,HIDCL,330.0,336.0,318.7,322.0,224170
2022-02-17,HIDCL,326.0,328.0,317.0,318.5,153727
2022-02-20,HIDCL,312.2,320.9,306.0,314.1,293998
2022-02-21,HIDCL,319.7,320.0,313.0,316.0,160337
2022-02-22,HIDCL,319.9,322.0,314.0,315.0,219278
2022-02-23,HIDCL,315.0,320.5,314.0,315.0,255502
2022-02-24,HIDCL,315.0,315.0,305.0,307.0,343057
2022-02-27,HIDCL,302.0,315.0,302.0,309.2,195628
2022-02-28,HIDCL,315.3,322.0,299.9,302.0,276018
2022-03-02,HIDCL,305.0,305.0,288.0,289.0,293199
2022-03-06,HIDCL,290.0,298.0,284.6,289.0,190840
2022-03-07,HIDCL,290.0,295.0,285.5,285.9,135130
2022-03-09,HIDCL,291.6,291.6,275.5,278.1,147490
2022-03-10,HIDCL,281.0,295.5,275.0,295.0,187987
2022-03-13,HIDCL,300.0,308.0,295.1,307.0,267687
2022-03-14,HIDCL,313.1,313.1,298.0,304.0,66296
2022-03-15,HIDCL,304.0,308.0,299.0,300.0,129717
2022-03-16,HIDCL,300.0,306.0,295.0,296.0,86403
2022-03-20,HIDCL,301.6,306.0,295.0,296.0,76270
2022-03-21,HIDCL,300.0,306.0,293.0,302.0,134483
2022-03-22,HIDCL,307.0,308.0,300.0,301.1,102825
2022-03-23,HIDCL,302.0,302.0,297.3,298.1,54842
2022-03-24,HIDCL,296.5,300.0,291.0,291.8,112781
2022-03-27,HIDCL,294.1,300.0,282.4,283.8,160678
2022-03-28,HIDCL,284.0,286.5,279.0,279.6,129474
2022-03-29,HIDCL,281.0,285.0,277.0,279.3,92772
2022-03-30,HIDCL,281.0,294.2,278.0,291.0,167666
2022-03-31,HIDCL,295.0,296.8,283.0,283.0,87544
2022-04-03,HIDCL,283.0,283.0,275.0,279.0,79627
2022-04-04,HIDCL,280.0,284.0,274.0,276.1,67259
2022-04-05,HIDCL,276.0,276.0,268.0,271.0,149681
2022-04-06,HIDCL,270.0,276.0,264.0,266.2,88976
2022-04-07,HIDCL,269.0,275.0,264.0,270.0,156189
2022-04-11,HIDCL,275.0,280.8,264.1,264.3,141827
2022-04-12,HIDCL,269.0,269.0,255.0,257.0,98943
2022-04-13,HIDCL,260.0,261.0,252.0,260.0,93614
2022-04-17,HIDCL,263.0,265.0,252.0,253.0,101241
2022-04-18,HIDCL,253.1,256.0,245.0,246.0,116538
2022-04-19,HIDCL,250.0,255.0,239.3,247.9,77125
2022-04-20,HIDCL,250.0,251.9,241.0,242.0,73988
2022-04-21,HIDCL,242.0,246.5,236.2,242.0,71656
2022-04-24,HIDCL,246.0,266.2,242.1,264.0,192612
2022-04-25,HIDCL,266.0,270.0,254.0,259.0,173353
2022-04-26,HIDCL,256.0,263.8,253.2,254.0,62261
2022-04-27,HIDCL,254.0,257.0,250.0,257.0,97593
2022-04-28,HIDCL,260.0,262.0,252.0,253.0,70526
2022-05-02,HIDCL,249.0,250.0,244.1,247.0,82139
2022-05-04,HIDCL,247.0,249.0,239.0,241.0,74916
2022-05-05,HIDCL,240.0,245.0,235.5,236.5,86208
2022-05-08,HIDCL,240.0,247.0,229.5,239.0,77882
2022-05-09,HIDCL,242.0,246.0,238.3,240.0,69848
2022-05-10,HIDCL,243.0,250.9,238.0,249.0,94304
2022-05-11,HIDCL,251.0,259.9,250.0,259.9,122944
2022-05-12,HIDCL,265.0,266.0,252.9,253.0,113243
2022-05-17,HIDCL,248.0,252.0,238.0,240.0,119012
2022-05-18,HIDCL,240.0,247.8,235.2,244.5,52973
2022-05-19,HIDCL,244.5,247.5,239.0,239.1,51206
2022-05-20,HIDCL,238.0,243.0,237.0,238.5,44255
2022-05-23,HIDCL,240.0,240.0,228.7,234.9,68273
2022-05-24,HIDCL,234.3,241.9,230.0,236.0,54485
2022-05-25,HIDCL,240.7,241.0,236.5,237.5,34804
2022-05-26,HIDCL,236.0,240.0,235.2,236.1,41079
2022-05-27,HIDCL,231.4,244.0,231.4,235.0,55146
2022-05-30,HIDCL,238.0,239.7,230.0,231.0,54334
2022-05-31,HIDCL,230.0,235.6,225.5,227.0,77877
2022-06-01,HIDCL,231.5,232.1,223.0,226.0,47196
2022-06-02,HIDCL,227.0,230.0,225.0,227.0,53609
2022-06-03,HIDCL,227.0,227.2,222.0,222.1,55559
2022-06-06,HIDCL,226.3,230.0,220.1,221.5,50403
2022-06-07,HIDCL,219.1,224.0,215.0,216.0,76840
2022-06-08,HIDCL,216.0,230.0,215.0,223.0,65921
2022-06-09,HIDCL,226.0,229.8,219.0,221.0,64569
2022-06-10,HIDCL,225.0,225.0,216.2,218.0,45356
2022-06-13,HIDCL,218.0,220.8,215.7,216.1,27696
2022-06-14,HIDCL,216.0,216.0,209.8,211.9,55652
2022-06-15,HIDCL,211.9,211.9,202.9,205.0,74253
2022-06-16,HIDCL,205.0,209.0,198.0,202.0,93122
2022-06-17,HIDCL,205.0,206.0,200.5,202.0,35993
2022-06-19,HIDCL,202.0,202.0,195.1,195.1,59564
2022-06-20,HIDCL,195.0,195.0,185.1,186.0,131527
2022-06-21,HIDCL,184.0,200.0,181.0,193.0,101311
2022-06-22,HIDCL,193.0,195.0,188.0,190.0,48776
2022-06-23,HIDCL,186.2,189.0,180.0,181.0,114989
2022-06-24,HIDCL,179.0,189.0,173.0,182.0,62827
2022-06-26,HIDCL,185.0,200.2,185.0,200.2,188008
2022-06-27,HIDCL,204.2,212.1,197.0,200.3,214337
2022-06-28,HIDCL,200.3,200.3,192.4,195.2,66602
2022-06-29,HIDCL,199.1,208.0,190.0,205.0,100964
2022-06-30,HIDCL,209.0,214.9,201.0,212.0,173254
2022-07-01,HIDCL,212.0,216.0,206.0,209.8,73187
2022-07-03,HIDCL,206.0,217.0,206.0,214.9,125158
2022-07-04,HIDCL,219.0,235.0,212.7,217.5,285855
2022-07-05,HIDCL,221.8,224.4,208.0,209.0,130522
2022-07-06,HIDCL,213.1,213.5,202.1,209.0,114594
2022-07-07,HIDCL,213.1,219.9,206.8,206.8,94290
2022-07-08,HIDCL,210.9,213.0,202.0,204.0,64813
2022-07-11,HIDCL,204.0,204.0,190.0,192.0,151090
2022-07-12,HIDCL,190.0,199.0,190.0,193.9,88495
2022-07-13,HIDCL,197.7,203.0,194.1,203.0,125437
2022-07-14,HIDCL,207.0,210.0,199.5,202.0,104381
2022-07-15,HIDCL,205.9,205.9,198.0,200.0,51048
2022-07-17,HIDCL,204.0,204.0,197.0,201.0,46819
2022-07-18,HIDCL,201.5,205.0,198.2,202.9,50434
2022-07-19,HIDCL,198.9,208.8,198.9,203.1,96075
2022-07-20,HIDCL,203.0,207.0,200.0,204.5,70942
2022-07-21,HIDCL,204.5,205.0,201.0,202.4,51236
2022-07-22,HIDCL,200.0,202.5,198.0,199.0,84964
2022-07-24,HIDCL,202.9,209.1,200.2,208.0,164387
2022-07-25,HIDCL,212.0,216.2,209.1,216.0,166133
2022-07-26,HIDCL,217.0,220.0,208.0,208.1,188378
2022-07-27,HIDCL,210.0,212.1,203.9,211.0,159697
2022-07-28,HIDCL,214.9,219.0,210.0,212.0,248450
2022-07-29,HIDCL,212.0,215.0,210.0,210.3,66384
2022-07-31,HIDCL,214.0,225.0,210.0,224.7,363358
2022-08-01,HIDCL,229.0,243.3,220.2,236.1,586248
2022-08-02,HIDCL,236.1,242.0,232.5,236.0,248278
2022-08-03,HIDCL,240.0,245.0,235.0,236.7,303899
2022-08-04,HIDCL,239.0,240.0,227.4,228.0,266957
2022-08-05,HIDCL,230.0,230.0,219.0,220.1,179298
2022-08-07,HIDCL,217.0,227.0,217.0,222.0,170693
2022-08-08,HIDCL,223.0,224.9,215.0,217.0,245436
2022-08-09,HIDCL,220.0,220.0,208.1,209.4,219380
2022-08-10,HIDCL,211.9,212.0,204.0,207.9,103559
2022-08-11,HIDCL,211.0,212.0,204.0,205.0,120233
2022-08-14,HIDCL,206.0,210.0,200.0,201.9,160174
2022-08-15,HIDCL,201.9,214.0,201.0,214.0,153670
2022-08-16,HIDCL,218.2,222.0,208.0,209.0,165060
2022-08-17,HIDCL,213.0,213.0,206.1,207.9,58107
2022-08-18,HIDCL,208.0,213.0,208.0,212.6,99406
2022-08-21,HIDCL,212.0,215.0,208.9,209.0,74996
2022-08-22,HIDCL,212.0,212.0,206.1,207.5,55244
2022-08-23,HIDCL,206.0,210.0,206.0,208.0,43207
2022-08-24,HIDCL,208.0,211.0,207.0,207.0,49715
2022-08-25,HIDCL,207.0,211.0,204.1,205.0,68338
2022-08-26,HIDCL,205.0,205.0,200.0,202.5,78494
2022-08-28,HIDCL,202.5,203.8,196.0,196.0,139016
2022-08-29,HIDCL,196.0,198.0,192.0,195.9,121607
2022-08-30,HIDCL,199.8,201.0,196.0,196.8,62915
2022-08-31,HIDCL,198.0,199.0,193.0,193.6,49682
2022-09-01,HIDCL,193.0,196.0,190.6,196.0,61149
2022-09-02,HIDCL,191.5,197.8,191.5,193.9,22787
2022-09-04,HIDCL,196.0,198.0,192.5,194.9,44319
2022-09-05,HIDCL,197.0,197.0,192.5,193.0,40174
2022-09-06,HIDCL,194.0,195.0,189.5,191.0,77559
2022-09-07,HIDCL,193.0,193.0,188.0,189.0,35974
2022-09-08,HIDCL,191.9,191.9,185.1,189.0,62587
2022-09-11,HIDCL,191.0,192.7,185.5,186.0,41781
2022-09-12,HIDCL,186.0,189.0,183.0,184.1,41751
2022-09-13,HIDCL,183.0,190.0,181.0,188.0,52919
2022-09-14,HIDCL,190.0,197.4,190.0,196.8,84374
2022-09-15,HIDCL,196.8,199.5,186.4,187.8,92120
2022-09-16,HIDCL,188.0,188.0,177.0,184.5,62380
2022-09-18,HIDCL,187.0,188.0,178.0,179.9,95219
2022-09-20,HIDCL,179.9,179.9,173.0,174.5,85875
2022-09-21,HIDCL,174.0,180.0,174.0,175.8,57815
2022-09-22,HIDCL,175.0,177.6,172.4,173.5,46079
2022-09-25,HIDCL,173.0,173.0,166.9,168.0,79516
2022-09-27,HIDCL,170.0,173.4,167.0,167.3,37389
2022-09-28,HIDCL,166.0,173.0,165.1,166.5,37012
2022-09-29,HIDCL,169.0,171.0,167.5,170.0,34696
2022-10-09,HIDCL,168.0,177.9,168.0,175.0,69205
2022-10-10,HIDCL,178.5,180.0,170.6,172.0,38002
2022-10-11,HIDCL,169.0,171.0,168.8,169.1,29151
2022-10-12,HIDCL,172.0,172.0,168.0,170.0,38888
2022-10-13,HIDCL,172.0,173.0,170.0,172.0,42807
2022-10-16,HIDCL,175.0,175.0,168.0,168.9,44649
2022-10-17,HIDCL,170.0,170.0,167.0,167.9,27392
2022-10-19,HIDCL,168.0,170.9,164.0,164.0,58408
2022-10-20,HIDCL,167.2,167.2,161.8,164.0,46511
2022-10-23,HIDCL,164.0,165.9,163.0,165.5,19794
2022-10-31,HIDCL,166.0,168.0,159.8,164.0,66214
2022-11-01,HIDCL,167.0,172.1,162.5,172.0,137208
2022-11-02,HIDCL,174.8,177.4,170.0,173.0,83174
2022-11-03,HIDCL,175.9,175.9,170.0,173.0,27549
2022-11-06,HIDCL,172.0,177.0,168.6,176.9,78892
2022-11-07,HIDCL,175.0,184.6,175.0,177.0,101984
2022-11-08,HIDCL,179.9,180.0,175.0,177.0,54593
2022-11-09,HIDCL,179.0,179.0,170.0,170.1,57750
2022-11-10,HIDCL,172.0,173.0,165.5,167.0,60158
2022-11-13,HIDCL,164.1,169.0,164.1,166.1,39588
2022-11-15,HIDCL,169.0,172.9,167.0,168.5,41220
2022-11-16,HIDCL,168.5,172.0,168.0,170.9,38237
2022-11-17,HIDCL,173.0,178.5,171.0,175.0,84346
2022-11-22,HIDCL,175.1,181.9,172.0,173.3,39559
2022-11-23,HIDCL,173.0,173.0,170.0,172.8,24409
2022-11-24,HIDCL,172.8,175.0,170.0,175.0,66493
2022-11-27,HIDCL,174.0,176.0,172.2,174.9,40751
2022-11-28,HIDCL,176.0,178.0,171.9,172.0,52479
2022-11-29,HIDCL,170.0,173.0,170.0,172.0,36455
2022-11-30,HIDCL,175.0,175.0,170.3,171.8,20463
2022-12-01,HIDCL,172.0,174.0,170.5,170.5,34471
2022-12-04,HIDCL,171.0,173.0,170.0,170.5,40562
2022-12-05,HIDCL,173.0,173.0,168.0,169.0,41412
2022-12-06,HIDCL,169.0,170.0,166.2,167.5,44694
2022-12-07,HIDCL,167.5,169.0,166.2,167.0,24352
2022-12-11,HIDCL,169.9,169.9,164.0,165.0,40509
2022-12-12,HIDCL,168.0,168.0,162.0,166.0,49906
2022-12-13,HIDCL,167.0,168.0,165.0,165.5,23059
2022-12-14,HIDCL,166.0,166.9,163.0,165.1,22831
2022-12-15,HIDCL,168.0,172.0,164.3,164.9,50857
2022-12-18,HIDCL,165.0,167.0,161.0,162.2,38811
2022-12-19,HIDCL,160.0,165.0,160.0,163.0,29109
2022-12-20,HIDCL,165.0,165.4,162.5,164.7,21607
2022-12-21,HIDCL,164.0,165.0,163.1,163.5,27880
2022-12-22,HIDCL,163.5,163.9,161.9,163.0,31662
2022-12-26,HIDCL,166.2,173.9,166.0,172.5,97343
2022-12-27,HIDCL,173.0,189.7,173.0,188.6,281854
2022-12-28,HIDCL,192.3,195.0,183.1,186.0,249723
2022-12-29,HIDCL,180.0,185.0,177.0,184.9,150670
2023-01-01,HIDCL,188.5,192.0,186.1,189.0,171337
2023-01-02,HIDCL,190.0,190.0,185.3,188.4,99582
2023-01-03,HIDCL,192.0,192.0,184.5,186.0,98804
2023-01-04,HIDCL,188.0,198.0,184.7,195.4,177605
2023-01-05,HIDCL,199.3,207.0,196.0,200.0,182922
2023-01-08,HIDCL,204.0,215.0,196.0,206.0,324727
2023-01-09,HIDCL,203.0,220.0,203.0,219.9,385318
2023-01-10,HIDCL,224.0,240.0,210.8,224.0,628555
2023-01-12,HIDCL,228.0,236.1,211.5,215.5,429072
2023-01-17,HIDCL,216.0,224.0,209.0,222.1,319642
2023-01-18,HIDCL,222.0,228.0,217.0,218.1,248127
2023-01-19,HIDCL,219.0,224.0,215.0,221.0,211450
2023-01-23,HIDCL,224.0,224.0,214.0,215.4,165290
2023-01-24,HIDCL,216.0,216.0,208.1,214.0,147360
2023-01-25,HIDCL,215.0,218.0,212.0,212.1,126659
2023-01-26,HIDCL,214.0,216.1,211.1,212.0,117657
2023-01-29,HIDCL,212.0,215.0,208.0,209.0,151096
2023-01-30,HIDCL,211.0,211.0,200.1,202.0,170459
2023-01-31,HIDCL,200.0,205.0,197.0,200.0,169986
2023-02-01,HIDCL,202.0,202.0,197.3,198.5,85114
2023-02-02,HIDCL,200.0,202.0,195.0,195.3,110421
2023-02-05,HIDCL,197.9,203.0,195.4,197.0,136600
2023-02-06,HIDCL,198.0,200.0,196.0,197.0,81439
2023-02-07,HIDCL,199.9,214.0,199.0,214.0,255789
2023-02-08,HIDCL,218.0,224.0,211.7,214.9,316114
2023-02-09,HIDCL,216.0,218.0,211.0,217.1,155488
2023-02-12,HIDCL,215.0,215.0,203.0,204.9,267723
2023-02-14,HIDCL,204.9,208.0,203.0,203.8,96273
2023-02-15,HIDCL,203.0,207.5,202.0,203.5,95852
2023-02-16,HIDCL,203.0,206.0,198.9,199.0,133965
2023-02-20,HIDCL,197.5,202.0,197.0,199.0,114440
2023-02-22,HIDCL,200.0,207.0,200.0,205.0,88963
2023-02-23,HIDCL,202.5,204.0,198.6,200.0,107177
2023-02-26,HIDCL,198.9,201.8,190.0,199.0,151085
2023-02-27,HIDCL,202.9,205.0,193.2,196.0,141095
2023-02-28,HIDCL,199.8,202.0,196.3,199.0,85293
2023-03-01,HIDCL,199.3,201.0,195.0,196.0,57755
2023-03-02,HIDCL,195.5,196.5,193.0,194.1,75535
2023-03-05,HIDCL,195.0,197.0,189.1,191.0,88721
2023-03-07,HIDCL,192.6,195.0,191.0,193.0,50558
2023-03-09,HIDCL,196.8,202.0,195.5,202.0,100659
2023-03-12,HIDCL,205.0,206.1,196.0,197.0,107184
2023-03-13,HIDCL,196.1,198.0,193.7,194.0,48468
2023-03-14,HIDCL,197.4,198.0,194.0,194.5,55336
2023-03-15,HIDCL,195.0,197.0,193.0,193.3,47993
2023-03-16,HIDCL,193.4,196.8,192.0,196.5,51327
2023-03-19,HIDCL,197.0,198.0,195.4,196.0,54230
2023-03-20,HIDCL,196.0,199.6,195.0,199.0,53938
2023-03-22,HIDCL,201.0,202.0,196.0,196.1,63760
2023-03-23,HIDCL,196.0,197.8,193.1,194.0,54671
2023-03-26,HIDCL,191.1,194.9,191.1,192.0,43630
2023-03-27,HIDCL,192.0,196.9,190.0,194.8,73914
2023-03-28,HIDCL,197.5,199.7,195.0,197.0,89408
2023-03-29,HIDCL,197.0,197.0,194.0,196.0,27643
2023-03-30,HIDCL,192.2,197.8,192.2,193.9,40214
2023-04-02,HIDCL,193.9,199.0,191.2,192.9,58378
2023-04-03,HIDCL,192.9,192.9,189.6,190.2,61676
2023-04-04,HIDCL,190.0,193.0,188.0,189.9,48313
2023-04-05,HIDCL,193.5,193.5,187.0,190.0,42309
2023-04-06,HIDCL,192.0,192.9,187.0,187.1,52021
2023-04-09,HIDCL,185.1,188.5,184.0,185.0,71080
2023-04-10,HIDCL,183.0,187.0,181.5,184.0,45696
2023-04-11,HIDCL,187.6,188.0,183.2,187.9,48895
2023-04-12,HIDCL,191.6,201.0,190.0,200.5,141930
2023-04-13,HIDCL,204.5,204.5,194.0,195.0,96331
2023-04-16,HIDCL,192.0,198.9,192.0,193.0,50821
2023-04-17,HIDCL,195.0,195.0,189.0,189.0,58534
2023-04-18,HIDCL,190.0,191.9,188.3,190.0,29567
2023-04-19,HIDCL,192.5,194.0,189.6,191.2,41986
2023-04-20,HIDCL,191.0,193.0,189.0,189.1,37539
2023-04-23,HIDCL,192.8,192.8,186.2,187.0,45675
2023-04-24,HIDCL,186.0,190.0,186.0,186.3,31120
2023-04-25,HIDCL,185.0,190.8,185.0,190.7,40056
2023-04-26,HIDCL,194.5,194.5,187.1,187.9,34664
2023-04-27,HIDCL,187.9,188.0,186.0,186.1,34873
2023-04-30,HIDCL,186.0,188.0,184.1,184.3,52998
2023-05-02,HIDCL,185.0,187.0,184.0,184.1,34361
2023-05-03,HIDCL,184.0,184.2,182.0,182.2,32787
2023-05-04,HIDCL,184.0,185.0,180.5,182.5,46675
2023-05-07,HIDCL,181.0,184.0,179.8,179.9,27927
2023-05-08,HIDCL,180.0,182.0,176.0,178.0,44879
2023-05-09,HIDCL,179.0,182.5,177.0,179.0,57494
2023-05-10,HIDCL,179.0,181.0,177.7,178.0,27599
2023-05-11,HIDCL,180.0,182.0,178.6,180.0,63390
2023-05-14,HIDCL,179.0,185.0,177.2,177.8,46515
2023-05-15,HIDCL,177.0,181.5,175.2,178.0,40510
2023-05-16,HIDCL,178.5,181.5,177.0,179.0,32604
2023-05-17,HIDCL,180.9,183.9,180.0,182.0,42787
2023-05-18,HIDCL,181.1,188.0,181.0,186.0,74077
2023-05-21,HIDCL,187.0,192.0,184.0,184.0,94728
2023-05-22,HIDCL,187.0,187.6,182.5,186.4,45132
2023-05-23,HIDCL,189.5,192.5,185.8,192.0,107626
2023-05-24,HIDCL,193.0,193.9,188.3,190.1,58968
2023-05-28,HIDCL,190.1,198.9,188.1,189.0,148678
2023-05-30,HIDCL,189.0,193.0,183.0,184.0,173178
2023-05-31,HIDCL,184.0,187.6,178.4,180.4,78797
2023-06-01,HIDCL,184.0,185.6,179.1,182.8,68826
2023-06-04,HIDCL,186.4,195.0,186.0,189.0,98595
2023-06-05,HIDCL,190.0,193.5,185.3,185.3,75638
2023-06-06,HIDCL,185.3,189.0,184.0,188.0,66274
2023-06-07,HIDCL,190.0,192.7,187.0,187.7,98147
2023-06-08,HIDCL,188.0,189.3,185.0,186.5,52792
2023-06-11,HIDCL,188.0,191.7,186.3,190.5,111872
2023-06-12,HIDCL,190.0,194.5,188.6,194.0,193168
2023-06-13,HIDCL,196.0,202.0,193.2,201.0,306016
2023-06-14,HIDCL,197.0,203.8,195.0,196.0,228210
2023-06-15,HIDCL,198.0,199.9,193.0,196.8,97600
2023-06-18,HIDCL,200.0,200.7,194.1,198.0,192538
2023-06-19,HIDCL,199.0,212.0,195.5,206.0,340614
2023-06-20,HIDCL,210.0,210.0,198.0,205.0,246773
2023-06-21,HIDCL,209.1,209.1,197.0,199.0,127403
2023-06-22,HIDCL,202.9,202.9,194.3,198.5,134627
2023-06-25,HIDCL,194.6,200.7,194.6,199.0,200673
2023-06-26,HIDCL,195.4,204.8,195.4,198.9,178294
2023-06-27,HIDCL,201.5,202.8,198.1,200.0,163843
2023-06-28,HIDCL,204.0,204.0,193.0,193.0,178353
2023-07-02,HIDCL,196.0,196.0,186.0,186.5,146223
2023-07-03,HIDCL,182.8,189.0,182.8,183.5,140903
2023-07-04,HIDCL,186.9,187.1,183.1,184.9,73138
2023-07-05,HIDCL,185.0,188.5,180.0,180.5,94863
2023-07-06,HIDCL,180.5,183.0,178.2,180.4,103755
2023-07-09,HIDCL,184.0,185.0,182.0,184.0,73062
2023-07-10,HIDCL,185.0,187.4,180.1,181.0,114817
2023-07-11,HIDCL,182.0,182.0,177.0,180.0,82598
2023-07-12,HIDCL,181.0,187.0,180.0,184.0,86099
2023-07-13,HIDCL,187.6,189.0,180.8,183.9,112548
2023-07-16,HIDCL,186.0,186.0,181.1,184.0,152816
2023-07-17,HIDCL,181.1,190.0,181.1,188.1,131978
2023-07-18,HIDCL,188.1,191.0,186.0,187.0,102160
2023-07-19,HIDCL,190.7,190.7,184.2,186.0,59909
2023-07-20,HIDCL,188.0,188.8,183.0,184.8,99199
2023-07-23,HIDCL,183.5,194.0,183.5,194.0,150869
2023-07-24,HIDCL,192.0,197.9,188.2,188.2,277079
2023-07-25,HIDCL,191.9,191.9,185.1,187.0,46739
2023-07-26,HIDCL,190.6,190.6,184.9,185.0,47571
2023-07-27,HIDCL,186.0,186.0,181.7,182.0,90043
2023-07-30,HIDCL,182.1,185.1,181.0,181.7,63039
2023-07-31,HIDCL,182.0,185.9,181.0,181.2,47875
2023-08-01,HIDCL,184.0,184.0,179.0,179.9,51147
2023-08-02,HIDCL,180.0,180.9,177.2,178.5,53444
2023-08-03,HIDCL,180.0,182.0,175.5,178.5,137298
2023-08-06,HIDCL,179.0,180.0,175.5,176.5,48359
2023-08-07,HIDCL,178.0,178.9,174.2,175.1,41383
2023-08-08,HIDCL,171.6,177.0,171.6,174.8,55493
2023-08-09,HIDCL,174.8,182.4,171.0,181.9,50556
2023-08-10,HIDCL,178.6,182.0,176.1,178.5,51146
2023-08-13,HIDCL,178.5,180.0,176.1,176.5,36704
2023-08-14,HIDCL,176.0,179.5,175.1,175.1,32195
2023-08-15,HIDCL,175.0,179.0,173.0,174.0,89884
2023-08-16,HIDCL,171.1,173.0,169.0,170.2,77185
2023-08-17,HIDCL,173.6,173.9,170.5,171.5,41053
2023-08-20,HIDCL,172.0,174.0,168.0,168.3,59629
2023-08-21,HIDCL,166.1,171.6,166.1,166.6,50802
2023-08-22,HIDCL,169.0,170.5,166.6,170.0,36565
2023-08-23,HIDCL,172.0,175.0,169.6,174.3,55437
2023-08-24,HIDCL,172.0,175.4,169.8,169.8,58029
2023-08-27,HIDCL,170.9,170.9,167.1,167.5,37603
2023-08-28,HIDCL,167.0,170.1,166.0,168.0,35009
2023-08-29,HIDCL,170.0,170.9,167.1,168.0,20319
2023-08-30,HIDCL,170.0,171.0,167.1,168.0,28282
2023-09-03,HIDCL,168.0,168.7,166.0,166.3,32688
2023-09-04,HIDCL,168.0,169.6,165.0,166.5,28695
2023-09-05,HIDCL,168.0,168.0,165.4,166.3,15976
2023-09-07,HIDCL,168.0,168.0,164.0,164.5,37836
2023-09-10,HIDCL,165.0,167.3,163.3,164.9,22707
2023-09-11,HIDCL,168.1,169.8,163.0,169.8,41592
2023-09-12,HIDCL,170.0,171.5,166.5,167.0,22918
2023-09-13,HIDCL,169.0,171.9,167.0,171.1,45686
2023-09-17,HIDCL,170.0,170.9,165.0,165.9,43738
2023-09-18,HIDCL,164.0,167.0,163.0,166.9,19120
2023-09-19,HIDCL,170.2,170.2,165.4,168.0,19087
2023-09-21,HIDCL,170.0,178.0,170.0,176.0,119813
2023-09-24,HIDCL,178.0,179.4,173.0,174.0,69007
2023-09-25,HIDCL,174.0,175.0,171.0,171.0,48172
2023-09-26,HIDCL,173.0,178.5,173.0,176.0,68784
2023-09-27,HIDCL,177.5,177.9,172.1,172.1,36090
2023-10-01,HIDCL,170.0,170.0,166.0,167.0,78001
2023-10-02,HIDCL,166.0,169.7,165.0,169.0,36006
2023-10-03,HIDCL,167.5,170.0,167.0,167.2,18854
2023-10-04,HIDCL,169.9,170.5,167.2,167.5,33181
2023-10-05,HIDCL,166.1,170.8,166.1,167.0,46779
2023-10-08,HIDCL,170.0,170.0,164.5,164.5,47196
2023-10-09,HIDCL,163.0,166.9,163.0,164.4,27392
2023-10-10,HIDCL,167.6,167.6,163.3,163.9,30840
2023-10-11,HIDCL,163.9,165.0,162.5,162.6,25332
2023-10-12,HIDCL,161.1,163.0,161.0,161.5,49137
2023-10-16,HIDCL,161.5,163.0,159.0,161.0,46776
2023-10-17,HIDCL,162.0,164.9,161.5,163.0,20439
2023-10-18,HIDCL,164.9,168.0,162.0,165.9,27652
2023-10-19,HIDCL,166.0,167.0,163.3,165.1,15663
2023-10-29,HIDCL,165.0,166.0,161.9,162.5,26666
2023-10-30,HIDCL,162.5,164.0,160.6,163.0,23163
2023-10-31,HIDCL,164.0,164.0,161.0,162.0,15541
2023-11-01,HIDCL,162.0,163.9,160.0,160.7,31883
2023-11-02,HIDCL,158.1,161.0,158.1,159.3,27586
2023-11-05,HIDCL,157.6,160.0,156.3,157.9,29051
2023-11-06,HIDCL,160.0,162.0,157.0,159.0,25331
2023-11-07,HIDCL,159.0,163.0,157.0,163.0,34837
2023-11-08,HIDCL,162.0,162.7,159.0,161.0,19947
2023-11-09,HIDCL,163.0,163.0,158.3,159.5,18711
2023-11-20,HIDCL,161.0,164.0,161.0,162.0,31064
2023-11-21,HIDCL,164.0,164.0,156.0,157.0,42644
2023-11-22,HIDCL,158.0,159.9,154.0,158.9,30739
2023-11-23,HIDCL,158.9,162.0,156.0,158.9,33224
2023-11-26,HIDCL,160.0,163.0,160.0,162.0,40159
2023-11-27,HIDCL,162.0,164.9,161.0,161.5,33115
2023-11-28,HIDCL,160.0,163.2,159.1,160.0,31963
2023-11-29,HIDCL,160.0,161.0,158.0,159.0,10954
2023-11-30,HIDCL,159.0,159.9,157.0,157.9,21348
2023-12-03,HIDCL,158.0,160.0,155.9,157.3,28109
2023-12-04,HIDCL,156.0,159.4,155.1,158.0,16478
2023-12-05,HIDCL,161.0,161.1,156.3,157.0,18237
2023-12-06,HIDCL,156.0,157.0,155.7,156.6,28652
2023-12-07,HIDCL,156.0,158.5,156.0,158.0,39187
2023-12-10,HIDCL,161.1,172.0,161.1,172.0,17114
2023-12-11,HIDCL,175.4,178.0,166.6,170.0,110581
2023-12-12,HIDCL,170.0,175.0,168.5,175.0,113111
2023-12-13,HIDCL,175.0,177.0,171.0,173.4,139704
2023-12-14,HIDCL,171.0,174.4,170.0,171.0,51601
2023-12-17,HIDCL,167.6,183.0,167.6,182.1,191892
2023-12-18,HIDCL,182.2,194.0,180.1,190.0,243899
2023-12-19,HIDCL,190.0,193.0,185.1,189.5,120754
2023-12-20,HIDCL,190.0,206.0,187.5,199.4,395506
2023-12-21,HIDCL,203.3,206.0,196.2,196.9,364808
2023-12-24,HIDCL,197.0,200.8,187.5,188.0,247365
2023-12-27,HIDCL,187.5,199.0,183.1,184.1,133856
2023-12-28,HIDCL,184.1,186.0,182.0,183.2,105151
2024-01-01,HIDCL,186.0,189.9,182.3,183.0,109322
2024-01-02,HIDCL,183.0,185.9,182.0,182.8,132299
2024-01-03,HIDCL,180.0,188.1,175.5,186.9,178448
2024-01-04,HIDCL,187.0,191.7,183.2,184.0,190270
2024-01-07,HIDCL,187.6,191.1,182.0,182.3,113064
2024-01-08,HIDCL,182.5,185.6,182.0,183.0,109271
2024-01-09,HIDCL,185.0,192.0,184.3,187.5,204272
2024-01-10,HIDCL,191.2,195.8,186.6,187.4,210857
2024-01-11,HIDCL,186.2,189.0,183.2,185.0,111011
2024-01-14,HIDCL,187.0,188.0,185.0,185.3,139619
2024-01-16,HIDCL,186.0,198.0,186.0,196.1,335687
2024-01-17,HIDCL,199.0,204.0,194.3,194.3,561788
2024-01-18,HIDCL,194.3,198.0,189.0,195.0,214459
2024-01-21,HIDCL,191.1,202.0,191.1,196.0,390359
2024-01-22,HIDCL,199.0,203.0,193.2,195.9,431216
2024-01-23,HIDCL,195.1,200.1,195.1,199.2,238367
2024-01-24,HIDCL,204.0,204.0,196.0,196.0,295762
2024-01-25,HIDCL,199.8,199.8,190.2,192.0,156809
2024-01-28,HIDCL,195.7,196.0,189.0,191.0,171456
2024-01-29,HIDCL,194.8,195.8,190.0,191.5,184326
2024-01-30,HIDCL,195.0,195.0,190.5,191.5,137324
2024-01-31,HIDCL,194.8,195.0,189.0,189.9,128184
2024-02-01,HIDCL,188.1,189.9,185.2,188.0,180650
2024-02-04,HIDCL,189.0,189.3,185.5,185.5,87347
2024-02-05,HIDCL,189.0,189.0,185.0,185.3,76322
2024-02-06,HIDCL,188.9,188.9,185.0,185.0,40882
2024-02-07,HIDCL,188.7,191.9,185.3,185.3,48837
2024-02-08,HIDCL,187.0,188.8,185.0,187.4,72682
2024-02-11,HIDCL,188.3,191.8,186.0,186.5,100636
2024-02-12,HIDCL,188.0,189.0,187.1,188.0,45967
2024-02-13,HIDCL,190.0,190.0,182.9,183.0,86253
2024-02-14,HIDCL,183.0,185.0,180.0,183.4,55055
2024-02-15,HIDCL,183.0,186.0,181.5,182.0,43903
2024-02-18,HIDCL,182.0,184.0,178.7,179.0,56426
2024-02-20,HIDCL,177.6,181.5,177.2,178.5,63678
2024-02-21,HIDCL,178.0,184.6,177.5,177.7,49539
2024-02-22,HIDCL,177.7,179.0,174.5,174.6,70913
2024-02-25,HIDCL,174.6,175.0,169.1,170.0,79976
2024-02-26,HIDCL,169.1,173.5,169.0,171.5,35757
2024-02-27,HIDCL,172.0,173.5,170.0,171.0,42072
2024-02-28,HIDCL,172.0,172.5,169.0,170.0,39073
2024-02-29,HIDCL,170.0,170.0,167.5,167.9,36612
2024-03-03,HIDCL,168.0,170.3,165.2,168.9,35112
2024-03-04,HIDCL,172.2,179.1,172.2,179.1,132
2024-03-05,HIDCL,182.6,185.0,174.0,174.5,112568
2024-03-06,HIDCL,175.0,177.9,171.0,174.0,73204
2024-03-07,HIDCL,174.0,180.0,174.0,174.2,46878
2024-03-10,HIDCL,177.6,180.0,175.3,177.0,46257
2024-03-12,HIDCL,180.0,183.9,178.0,182.5,85180
2024-03-13,HIDCL,183.0,185.4,180.0,182.1,58157
2024-03-14,HIDCL,181.6,183.5,179.0,179.0,73327
2024-03-17,HIDCL,178.6,182.0,176.6,180.0,41857
2024-03-18,HIDCL,178.5,180.0,177.0,177.0,34722
2024-03-19,HIDCL,177.0,180.5,177.0,177.3,27194
2024-03-20,HIDCL,177.2,179.0,175.4,175.9,32637
2024-03-21,HIDCL,175.0,178.0,173.0,173.1,43678
2024-03-25,HIDCL,173.1,174.0,169.7,171.0,47443
2024-03-26,HIDCL,171.0,172.0,169.6,170.3,41890
2024-03-27,HIDCL,167.1,171.0,167.1,169.4,30609
2024-03-28,HIDCL,170.0,170.0,168.7,168.9,33579
2024-03-31,HIDCL,171.0,172.0,167.0,168.0,60145
2024-04-01,HIDCL,166.5,169.5,165.2,167.5,66879
2024-04-02,HIDCL,168.0,168.0,167.0,167.0,33134
2024-04-03,HIDCL,169.9,169.9,165.3,167.0,26270
2024-04-04,HIDCL,165.5,168.5,165.5,166.6,32582
2024-04-07,HIDCL,169.9,169.9,166.0,167.5,47396
2024-04-09,HIDCL,169.0,170.0,167.2,168.5,56455
2024-04-10,HIDCL,170.0,170.0,167.2,167.4,27432
2024-04-14,HIDCL,167.1,169.0,166.0,166.0,32168
2024-04-15,HIDCL,166.0,167.0,165.0,165.1,35609
2024-04-16,HIDCL,161.8,166.0,161.8,163.9,25664
2024-04-18,HIDCL,163.2,163.2,158.8,162.0,28053
2024-04-21,HIDCL,162.0,164.9,160.0,163.1,48272
2024-04-22,HIDCL,164.0,164.9,162.0,163.0,19982
2024-04-24,HIDCL,162.1,164.5,162.0,163.0,14588
2024-04-25,HIDCL,162.5,164.2,162.0,162.5,22841
2024-04-28,HIDCL,165.7,165.7,161.8,163.0,28642
2024-04-29,HIDCL,166.2,166.2,161.5,162.0,63767
2024-04-30,HIDCL,158.8,167.0,158.8,166.4,50462
2024-05-02,HIDCL,169.7,172.0,165.0,165.5,44631
2024-05-05,HIDCL,162.3,165.0,159.1,162.5,70903
2024-05-06,HIDCL,164.7,164.7,160.0,161.0,44526
2024-05-07,HIDCL,162.1,163.0,160.0,160.0,37114
2024-05-08,HIDCL,163.0,164.0,159.0,159.5,60317
2024-05-09,HIDCL,162.5,162.5,160.0,161.0,39700
2024-05-12,HIDCL,161.0,162.5,159.5,160.6,29365
2024-05-13,HIDCL,160.0,165.0,160.0,164.0,47063
2024-05-14,HIDCL,162.0,166.5,162.0,166.0,41364
2024-05-15,HIDCL,168.5,170.0,164.0,165.4,44942
2024-05-16,HIDCL,162.5,166.0,162.5,163.1,26617
2024-05-19,HIDCL,166.3,168.0,163.0,166.8,53863
2024-05-20,HIDCL,169.9,173.5,166.0,169.4,146675
2024-05-21,HIDCL,167.0,172.0,167.0,170.8,69367
2024-05-22,HIDCL,168.1,170.7,168.0,170.0,43001
2024-05-26,HIDCL,172.0,172.0,167.0,167.3,61689
2024-05-27,HIDCL,168.0,170.6,165.4,169.5,63202
2024-05-29,HIDCL,171.5,178.3,166.8,167.0,56468
2024-05-30,HIDCL,165.0,168.0,164.0,165.0,32986
2024-06-02,HIDCL,163.0,167.0,163.0,164.2,42430
2024-06-03,HIDCL,164.0,165.0,162.4,162.6,58273
2024-06-04,HIDCL,164.5,166.0,162.2,165.0,48235
2024-06-05,HIDCL,164.0,166.0,162.6,163.9,30504
2024-06-06,HIDCL,166.0,167.1,161.8,164.5,38599
2024-06-09,HIDCL,167.7,167.7,163.0,163.5,48530
2024-06-10,HIDCL,166.7,166.7,161.3,163.0,40377
2024-06-11,HIDCL,166.2,166.2,162.2,165.0,65590
2024-06-12,HIDCL,166.2,167.9,164.4,165.0,37120
2024-06-13,HIDCL,165.0,165.9,163.5,164.0,54969
2024-06-16,HIDCL,162.6,167.0,162.2,165.0,58125
2024-06-18,HIDCL,166.9,166.9,162.3,163.1,43125
2024-06-19,HIDCL,163.1,165.0,162.0,162.0,35638
2024-06-20,HIDCL,165.2,165.2,160.0,160.9,65686
2024-06-23,HIDCL,160.9,161.5,159.0,159.0,85209
2024-06-24,HIDCL,159.1,160.0,158.1,158.5,48797
2024-06-25,HIDCL,159.0,174.3,158.5,163.0,81919
2024-06-26,HIDCL,162.5,165.0,159.3,160.6,102908
2024-06-27,HIDCL,159.0,163.0,158.7,162.9,57147
2024-06-30,HIDCL,161.2,163.5,160.1,160.3,84405
2024-07-01,HIDCL,160.3,162.7,160.0,162.7,37886
2024-07-02,HIDCL,165.9,177.0,163.0,164.4,94708
2024-07-03,HIDCL,163.3,165.0,161.6,162.9,54244
2024-07-04,HIDCL,163.0,164.9,162.2,163.7,54880
2024-07-07,HIDCL,165.0,173.0,163.2,167.8,184278
2024-07-08,HIDCL,170.0,174.3,169.0,170.0,145757
2024-07-09,HIDCL,170.0,172.0,168.6,169.6,62624
2024-07-10,HIDCL,172.9,172.9,168.0,170.0,71568
2024-07-11,HIDCL,173.4,173.4,170.0,172.0,96957
2024-07-14,HIDCL,175.4,182.4,172.0,177.0,220091
2024-07-15,HIDCL,180.5,183.7,174.7,179.0,211964
2024-07-16,HIDCL,180.0,196.0,180.0,191.6,347816
2024-07-17,HIDCL,195.4,199.0,188.2,192.1,281041
2024-07-18,HIDCL,192.9,197.0,188.3,193.0,354258
2024-07-21,HIDCL,196.8,199.8,190.1,198.0,336550
2024-07-22,HIDCL,200.0,201.0,193.0,196.1,228386
2024-07-23,HIDCL,200.0,208.3,194.1,207.9,459616
2024-07-24,HIDCL,212.0,216.0,203.0,205.4,394331
2024-07-25,HIDCL,205.0,208.0,200.0,203.5,248268
2024-07-28,HIDCL,207.5,220.0,203.0,217.0,599834
2024-07-29,HIDCL,220.0,225.0,211.0,211.2,484876
2024-07-30,HIDCL,210.0,217.0,206.0,214.5,370816
2024-07-31,HIDCL,215.0,235.9,215.0,234.0,1181663
2024-08-01,HIDCL,238.6,257.4,238.5,257.4,1382626
2024-08-05,HIDCL,262.5,270.1,250.0,264.1,1304724
2024-08-06,HIDCL,263.0,265.0,238.1,239.0,1183948
2024-08-07,HIDCL,235.0,259.0,235.0,255.0,662929
2024-08-08,HIDCL,258.0,280.0,250.0,271.1,1438661
2024-08-11,HIDCL,276.5,298.2,267.6,298.2,1285215
2024-08-12,HIDCL,303.0,316.0,296.0,297.0,1327783
2024-08-13,HIDCL,302.0,308.9,290.0,301.0,1006406
2024-08-14,HIDCL,301.0,331.1,296.0,331.1,1367804
2024-08-15,HIDCL,337.7,360.0,337.7,344.5,1158014
2024-08-18,HIDCL,346.0,346.0,317.8,324.0,1601120
2024-08-21,HIDCL,330.0,336.6,317.2,319.0,846160
2024-08-22,HIDCL,320.0,325.9,315.0,316.0,735848
2024-08-25,HIDCL,322.0,322.0,300.1,301.0,809587
2024-08-27,HIDCL,303.1,305.0,280.0,283.0,1124687
2024-08-28,HIDCL,283.0,307.8,283.0,299.0,1060284
2024-08-29,HIDCL,304.0,304.0,290.2,294.0,550107
2024-09-01,HIDCL,295.0,301.0,283.0,287.8,523515
2024-09-02,HIDCL,290.0,308.0,283.0,307.0,739621
2024-09-03,HIDCL,313.1,313.1,302.9,305.0,519581
2024-09-04,HIDCL,311.1,311.1,288.2,291.0,458558
2024-09-05,HIDCL,290.9,293.9,280.3,285.6,423428
2024-09-08,HIDCL,286.0,290.0,280.0,280.3,318337
2024-09-09,HIDCL,280.3,283.0,270.5,271.0,369988
2024-09-10,HIDCL,271.0,283.0,267.3,269.5,349678
2024-09-11,HIDCL,270.1,274.0,260.0,261.0,265361
2024-09-12,HIDCL,266.0,286.5,260.0,285.0,383488
2024-09-15,HIDCL,290.0,292.0,272.1,274.0,611503
2024-09-16,HIDCL,274.0,275.9,265.0,266.6,293602
2024-09-18,HIDCL,268.0,268.5,260.0,265.0,187764
2024-09-22,HIDCL,270.0,280.9,265.0,268.0,227976
2024-09-23,HIDCL,270.0,270.0,257.0,257.5,218571
2024-09-24,HIDCL,255.0,265.0,249.0,249.0,365175
2024-09-25,HIDCL,253.0,258.4,241.1,256.3,241348
2024-09-26,HIDCL,253.0,262.0,251.0,252.9,193007
2024-09-29,HIDCL,247.9,252.0,243.0,246.0,143572
2024-09-30,HIDCL,246.0,255.0,246.0,252.2,126740
2024-10-01,HIDCL,257.2,272.9,253.0,272.9,353269
2024-10-02,HIDCL,273.0,278.4,265.1,267.9,258425
2024-10-06,HIDCL,270.0,279.4,266.0,278.0,148964
2024-10-07,HIDCL,283.0,289.0,279.0,282.1,192663
2024-10-08,HIDCL,287.4,287.4,272.0,274.0,181550
2024-10-09,HIDCL,270.6,278.9,269.0,274.0,83357
2024-10-15,HIDCL,277.9,280.0,273.0,278.6,44386
2024-10-16,HIDCL,280.0,286.9,279.0,283.5,155697
2024-10-17,HIDCL,281.0,296.7,280.2,288.1,345740
2024-10-20,HIDCL,282.4,291.9,278.0,282.9,277743
2024-10-21,HIDCL,277.3,283.0,270.1,270.3,216873
2024-10-22,HIDCL,271.0,278.0,269.8,274.8,174707
2024-10-23,HIDCL,275.1,280.0,270.2,272.0,122361
2024-10-24,HIDCL,272.0,275.0,268.0,269.5,163770
2024-10-27,HIDCL,274.8,274.8,266.1,269.0,99887
2024-10-28,HIDCL,273.0,276.9,271.0,274.0,95243
2024-10-29,HIDCL,274.0,280.0,273.0,279.1,137397
2024-10-30,HIDCL,284.0,284.0,273.8,274.6,104149
2024-11-05,HIDCL,271.0,280.0,271.0,274.9,60229
2024-11-06,HIDCL,275.0,275.0,272.3,273.0,67161
2024-11-10,HIDCL,278.0,283.0,273.3,283.0,229963
2024-11-11,HIDCL,277.4,292.0,277.4,284.0,254169
2024-11-12,HIDCL,289.0,289.0,280.1,283.0,123454
2024-11-13,HIDCL,288.0,288.0,277.0,278.0,92524
2024-11-14,HIDCL,282.0,282.0,275.0,277.0,120893
2024-11-17,HIDCL,271.5,284.0,271.5,277.0,171677
2024-11-19,HIDCL,282.0,282.0,266.6,270.0,226502
2024-11-20,HIDCL,275.0,275.0,265.0,267.2,161816
2024-11-21,HIDCL,268.1,272.4,262.5,263.0,136605
2024-11-24,HIDCL,268.2,268.2,259.0,260.0,130444
2024-11-25,HIDCL,265.2,265.2,257.0,261.0,86962
2024-11-26,HIDCL,265.0,271.5,262.0,267.0,151628
2024-11-27,HIDCL,261.7,274.3,261.7,272.1,144323
2024-11-28,HIDCL,275.0,275.0,267.1,268.0,146197
2024-12-01,HIDCL,273.3,273.3,257.6,260.4,126602
2024-12-02,HIDCL,265.0,265.0,259.0,259.4,141548
2024-12-03,HIDCL,264.0,264.0,257.5,259.1,154867
2024-12-04,HIDCL,264.2,265.0,257.6,258.6,113115
2024-12-05,HIDCL,258.0,260.0,253.2,254.0,144582
2024-12-08,HIDCL,254.0,257.0,248.5,248.6,138694
2024-12-09,HIDCL,253.0,254.0,248.2,251.0,65432
2024-12-10,HIDCL,252.0,253.0,248.0,248.5,59090
2024-12-11,HIDCL,248.5,254.0,246.7,254.0,326528
2024-12-12,HIDCL,257.0,257.0,249.9,249.9,79664
2024-12-16,HIDCL,248.0,250.0,243.1,244.0,102083
2024-12-17,HIDCL,244.0,246.8,241.7,243.0,91884
2024-12-18,HIDCL,244.0,245.0,240.0,241.0,90082
2024-12-19,HIDCL,241.0,243.1,234.0,234.1,90144
2024-12-22,HIDCL,229.5,240.0,229.5,232.8,86622
2024-12-23,HIDCL,232.0,239.9,230.0,237.4,67190
2024-12-24,HIDCL,238.0,242.1,238.0,239.5,78642
2024-12-26,HIDCL,243.9,243.9,236.4,242.7,93504
2024-12-29,HIDCL,238.0,240.0,233.3,234.9,93411
2024-12-31,HIDCL,232.0,232.5,226.0,229.9,93920
2025-01-01,HIDCL,225.4,234.3,225.4,232.0,42754
2025-01-02,HIDCL,234.5,234.5,228.4,231.0,49251
2025-01-05,HIDCL,234.0,234.0,229.1,233.0,59306
2025-01-06,HIDCL,237.6,242.0,232.5,242.0,112178
2025-01-07,HIDCL,242.0,246.8,240.0,242.9,76468
2025-01-08,HIDCL,247.7,247.7,240.2,245.6,88707
2025-01-09,HIDCL,247.8,247.8,241.5,242.5,98600
2025-01-12,HIDCL,247.3,247.3,237.0,240.4,59964
2025-01-13,HIDCL,241.0,241.0,233.0,235.0,76132
2025-01-15,HIDCL,237.0,238.0,232.1,232.1,41208
2025-01-16,HIDCL,233.0,236.0,227.0,231.7,100292
2025-01-19,HIDCL,231.7,240.0,229.2,233.6,85116
2025-01-20,HIDCL,238.0,238.2,233.0,234.9,37747
2025-01-21,HIDCL,231.0,240.0,231.0,236.9,59830
2025-01-22,HIDCL,240.0,257.8,237.0,257.0,359894
2025-01-23,HIDCL,257.0,264.9,252.0,252.8,216378
2025-01-26,HIDCL,257.8,257.8,248.0,249.0,148144
2025-01-27,HIDCL,251.0,253.2,243.0,243.9,125084
2025-01-28,HIDCL,243.0,252.0,243.0,249.0,146352
2025-02-02,HIDCL,250.0,268.0,250.0,264.5,298050
2025-02-03,HIDCL,266.0,284.0,261.7,265.0,428830
2025-02-04,HIDCL,270.3,270.3,261.0,262.1,168102
2025-02-05,HIDCL,262.2,264.3,259.0,260.0,168019
2025-02-06,HIDCL,263.0,265.0,259.0,261.9,121772
2025-02-09,HIDCL,263.0,265.5,257.0,257.9,100044
2025-02-10,HIDCL,256.0,260.0,253.1,255.9,113917
2025-02-11,HIDCL,256.0,258.0,251.4,254.0,86887
2025-02-12,HIDCL,254.0,258.0,253.0,256.0,130832
2025-02-13,HIDCL,254.0,265.0,254.0,263.0,351110
2025-02-16,HIDCL,263.0,276.0,262.9,271.0,522847
2025-02-17,HIDCL,272.0,278.1,270.0,270.0,319163
2025-02-18,HIDCL,270.0,274.3,265.3,268.0,198103
2025-02-20,HIDCL,262.7,270.0,262.7,264.0,151316
2025-02-23,HIDCL,269.0,283.0,255.1,274.0,421597
2025-02-24,HIDCL,276.0,289.0,276.0,285.5,1087247
2025-02-25,HIDCL,286.0,302.0,286.0,298.0,1003779
2025-02-27,HIDCL,301.0,310.0,292.1,299.0,614915
2025-03-02,HIDCL,304.9,304.9,290.1,298.0,565551
2025-03-03,HIDCL,303.9,306.0,298.0,299.0,723046
2025-03-04,HIDCL,299.0,304.0,292.0,292.3,450812
2025-03-05,HIDCL,292.0,295.0,285.0,290.0,500149
2025-03-06,HIDCL,292.9,292.9,286.0,288.0,248935
2025-03-09,HIDCL,288.0,289.0,278.4,279.0,305110
2025-03-10,HIDCL,274.0,285.0,272.0,274.0,237950
2025-03-11,HIDCL,279.4,279.4,268.0,268.0,278347
2025-03-12,HIDCL,268.0,277.3,266.7,277.3,220117
2025-03-16,HIDCL,271.8,278.0,270.0,271.7,215254
2025-03-17,HIDCL,268.0,278.0,268.0,273.5,191405
2025-03-18,HIDCL,278.9,278.9,270.0,271.0,121492
2025-03-19,HIDCL,274.3,274.3,265.0,266.0,132074
2025-03-20,HIDCL,260.7,268.5,260.7,266.4,147825
2025-03-23,HIDCL,266.4,268.0,257.1,257.92,182324
2025-03-24,HIDCL,252.8,266.9,252.8,264.8,161450
2025-03-25,HIDCL,264.8,264.8,255.3,257.36,150982
2025-03-26,HIDCL,252.3,265.0,252.3,263.45,170794
2025-03-27,HIDCL,263.0,272.0,262.0,270.63,236780
2025-03-30,HIDCL,270.0,283.0,270.0,276.91,351548
2025-04-01,HIDCL,271.4,280.0,270.0,273.42,283267
2025-04-02,HIDCL,268.0,278.9,268.0,275.03,140359
2025-04-03,HIDCL,272.1,279.1,272.0,274.99,231903
2025-04-07,HIDCL,273.0,278.9,270.0,271.7,208865
2025-04-08,HIDCL,266.3,273.0,266.3,271.23,152730
2025-04-09,HIDCL,265.9,279.1,265.9,276.66,253367
2025-04-10,HIDCL,277.0,279.9,275.0,276.79,148266
2025-04-13,HIDCL,278.5,289.9,275.0,288.18,579092
2025-04-15,HIDCL,293.0,300.0,287.2,294.75,777416
2025-04-16,HIDCL,300.0,302.0,290.2,293.1,387969
2025-04-17,HIDCL,294.9,318.3,291.1,313.1,1608899
2025-04-20,HIDCL,319.3,326.0,314.0,317.29,1090237
2025-04-21,HIDCL,315.0,329.4,315.0,325.19,1341570
2025-04-22,HIDCL,325.0,328.0,311.0,312.87,831789
2025-04-23,HIDCL,312.0,312.9,300.0,303.88,1044422
2025-04-24,HIDCL,300.2,320.0,295.0,315.74,919186
2025-04-27,HIDCL,315.0,335.0,315.0,330.8,1604962
2025-04-28,HIDCL,330.8,340.0,318.0,319.06,907767
2025-04-29,HIDCL,325.4,328.0,315.1,317.78,743497
2025-04-30,HIDCL,320.0,325.9,314.1,319.49,761583
2025-05-04,HIDCL,323.5,325.0,306.0,307.59,746760
2025-05-05,HIDCL,305.0,310.0,301.0,304.38,624608
2025-05-06,HIDCL,298.3,311.0,298.3,303.95,551624
2025-05-07,HIDCL,303.95,311.0,299.1,305.61,693958
2025-05-08,HIDCL,305.0,318.9,304.1,311.43,970157
2025-05-11,HIDCL,317.6,317.6,296.0,299.05,813386
2025-05-13,HIDCL,293.1,303.5,292.0,292.5,569699
2025-05-14,HIDCL,286.7,296.5,284.8,285.83,359414
2025-05-15,HIDCL,288.0,291.0,285.0,288.79,311585
2025-05-18,HIDCL,289.0,294.0,287.3,288.26,229807
2025-05-19,HIDCL,282.5,295.5,282.5,292.03,232221
2025-05-20,HIDCL,286.2,310.0,286.2,302.8,322114
2025-05-21,HIDCL,308.8,319.0,300.0,301.03,526134
2025-05-22,HIDCL,295.1,308.0,295.1,300.11,307238
2025-05-25,HIDCL,294.2,303.9,294.0,295.38,244603
2025-05-26,HIDCL,301.2,307.0,293.3,295.19,393349
2025-05-27,HIDCL,297.0,300.0,292.0,295.96,229154
2025-05-28,HIDCL,298.0,301.9,294.1,296.45,354811
2025-06-02,HIDCL,302.3,316.0,300.3,314.62,1199802
2025-06-03,HIDCL,320.9,320.9,306.2,307.82,378399
2025-06-04,HIDCL,301.7,314.9,301.7,308.57,386005
2025-06-05,HIDCL,302.4,314.0,302.4,311.7,462000
2025-06-08,HIDCL,312.0,317.0,309.6,311.08,744969
2025-06-09,HIDCL,304.9,315.0,304.9,310.48,391739
2025-06-10,HIDCL,305.5,323.0,305.5,315.31,834832
2025-06-11,HIDCL,309.1,319.0,309.1,311.15,441373
2025-06-12,HIDCL,305.0,314.0,305.0,307.49,314896
2025-06-15,HIDCL,305.0,313.9,302.0,304.08,511875
2025-06-16,HIDCL,298.0,309.0,298.0,300.03,460874
2025-06-17,HIDCL,295.0,304.0,295.0,297.27,261826
2025-06-18,HIDCL,291.4,304.5,291.4,301.6,301193
2025-06-19,HIDCL,304.5,304.5,295.0,295.9,361070
2025-06-22,HIDCL,294.0,299.6,287.3,288.08,346558
2025-06-23,HIDCL,284.0,293.9,284.0,292.53,219563
2025-06-24,HIDCL,298.3,298.3,290.0,290.17,175791
2025-06-25,HIDCL,289.0,290.0,285.0,285.67,213052
2025-06-26,HIDCL,285.0,289.8,283.2,284.37,227498
2025-06-29,HIDCL,284.2,286.9,282.0,283.98,299476
2025-06-30,HIDCL,285.0,288.0,283.0,284.39,210365
2025-07-01,HIDCL,278.8,299.9,278.8,297.39,332209
2025-07-02,HIDCL,303.3,303.3,293.1,293.91,179721
2025-07-03,HIDCL,288.1,304.9,288.1,291.2,162900
2025-07-06,HIDCL,285.4,298.0,285.4,293.62,290983
2025-07-07,HIDCL,293.6,297.8,290.6,292.09,162411
2025-07-08,HIDCL,286.5,295.0,286.5,291.49,124860
2025-07-09,HIDCL,285.7,299.0,285.7,295.02,393796
2025-07-10,HIDCL,289.2,299.8,289.2,296.59,218803
2025-07-13,HIDCL,302.5,307.0,295.7,296.67,289421
2025-07-14,HIDCL,290.8,296.6,290.0,290.26,206794
2025-07-15,HIDCL,285.0,296.5,285.0,292.79,247287
2025-07-16,HIDCL,287.4,298.9,287.4,292.61,390367
2025-07-17,HIDCL,292.0,310.0,292.0,306.09,470440
2025-07-20,HIDCL,307.0,319.0,306.9,307.32,781600
2025-07-21,HIDCL,301.2,312.0,301.2,309.75,392558
2025-07-22,HIDCL,312.0,326.5,310.0,322.88,1150088
2025-07-23,HIDCL,325.0,329.4,317.2,325.0,846769
2025-07-24,HIDCL,330.3,330.3,318.3,321.0,500892
2025-07-27,HIDCL,322.0,325.0,308.0,310.18,695153
2025-07-28,HIDCL,304.0,314.7,304.0,313.67,459931
2025-07-29,HIDCL,309.0,324.8,309.0,312.18,499824
2025-07-30,HIDCL,312.0,316.0,306.0,306.74,332023
2025-07-31,HIDCL,300.7,309.8,299.0,300.7,488131
2025-08-03,HIDCL,294.7,305.0,294.7,295.48,313020
2025-08-04,HIDCL,289.6,300.7,289.6,295.63,290388
2025-08-05,HIDCL,295.0,298.0,289.0,289.69,298941
2025-08-06,HIDCL,283.9,293.5,283.9,290.49,163840
2025-08-07,HIDCL,290.0,295.0,289.0,294.19,164637
2025-08-11,HIDCL,298.9,298.9,288.0,288.56,290368
2025-08-12,HIDCL,282.8,292.0,282.8,288.04,164752
2025-08-13,HIDCL,282.3,292.0,282.3,288.33,137270
2025-08-14,HIDCL,290.0,291.8,285.0,289.29,193740
2025-08-17,HIDCL,288.0,291.4,284.0,285.27,181589
2025-08-18,HIDCL,290.0,290.0,282.1,286.48,169780
2025-08-19,HIDCL,280.8,292.0,280.8,288.18,177968
2025-08-20,HIDCL,282.5,290.0,282.5,286.37,273321
2025-08-21,HIDCL,285.0,288.6,284.2,285.97,218215
2025-08-24,HIDCL,280.3,289.0,280.3,284.12,100316
2025-08-25,HIDCL,280.0,286.9,280.0,286.07,78353
2025-08-26,HIDCL,282.5,288.0,282.5,285.14,137054
2025-08-27,HIDCL,279.8,296.0,279.8,294.41,184316
2025-08-28,HIDCL,291.0,296.0,287.0,287.56,151856
2025-08-31,HIDCL,285.1,288.8,282.3,283.14,170986
2025-09-01,HIDCL,277.5,287.0,277.5,283.29,83065
2025-09-02,HIDCL,283.0,284.9,280.2,281.66,144639
2025-09-03,HIDCL,287.0,287.0,279.29,280.22,128999
2025-09-04,HIDCL,279.3,283.0,275.7,278.06,134860
2025-09-07,HIDCL,272.5,282.5,272.5,276.17,94277
2025-09-08,HIDCL,270.7,281.5,269.0,270.26,127024
2025-09-18,HIDCL,265.0,265.0,245.0,250.3,22665
2025-09-21,HIDCL,245.3,275.3,245.3,273.91,268607
2025-09-23,HIDCL,279.3,285.0,274.0,281.0,189939
2025-09-24,HIDCL,281.0,281.0,270.0,274.0,167531
2025-09-25,HIDCL,275.6,279.4,268.8,273.0,108839
2025-09-28,HIDCL,274.0,276.0,270.0,274.4,76227
2025-10-07,HIDCL,270.0,273.0,263.0,266.5,148622
2025-10-08,HIDCL,266.5,267.0,258.0,264.7,145358
2025-10-09,HIDCL,269.9,283.0,265.1,265.1,219448
2025-10-12,HIDCL,263.0,265.0,256.7,258.0,149094
2025-10-13,HIDCL,263.0,265.0,254.2,265.0,188193
2025-10-14,HIDCL,261.4,269.0,257.1,258.0,70606
