Date,symbol,Open,High,Low,Close,Volume
2018-03-29,NICA,262.18,267.23,257.98,264.71,10960
2018-04-01,NICA,265.55,265.55,254.62,258.82,11449
2018-04-02,NICA,257.14,258.82,256.3,258.82,2719
2018-04-03,NICA,254.62,258.82,254.62,258.82,5288
2018-04-04,NICA,260.5,263.87,257.98,260.5,5694
2018-04-05,NICA,265.55,268.07,261.34,267.23,14733
2018-04-08,NICA,268.91,278.99,268.91,277.31,25338
2018-04-09,NICA,281.51,282.35,271.43,275.63,15606
2018-04-10,NICA,271.43,278.99,265.55,270.59,9966
2018-04-11,NICA,266.39,271.43,265.55,271.43,3501
2018-04-12,NICA,273.95,275.63,270.59,271.43,8904
2018-04-15,NICA,268.91,270.59,263.87,267.23,13360
2018-04-16,NICA,267.23,273.95,267.23,272.27,10296
2018-04-17,NICA,270.59,278.99,270.59,277.31,13633
2018-04-18,NICA,277.31,292.44,275.63,284.03,17142
2018-04-19,NICA,285.71,293.28,281.51,286.55,33625
2018-04-22,NICA,286.55,300.0,286.55,299.16,33695
2018-04-23,NICA,300.0,303.36,292.44,294.12,35197
2018-04-24,NICA,290.76,293.28,287.39,288.24,14697
2018-04-25,NICA,288.24,289.08,284.87,286.55,15294
2018-04-26,NICA,285.71,287.39,282.35,283.19,24001
2018-04-29,NICA,280.67,284.87,278.15,282.35,42224
2018-05-02,NICA,281.51,284.03,278.15,284.03,11337
2018-05-03,NICA,286.55,287.39,284.03,286.55,32659
2018-05-06,NICA,284.03,285.71,281.51,283.19,11511
2018-05-07,NICA,281.51,287.39,278.99,283.19,17494
2018-05-08,NICA,283.19,286.55,281.51,284.87,15267
2018-05-09,NICA,287.39,288.24,283.19,287.39,14076
2018-05-10,NICA,283.19,288.24,283.19,284.03,12434
2018-05-14,NICA,284.03,286.55,283.19,284.87,20858
2018-05-15,NICA,284.03,285.71,284.03,285.71,2489
2018-05-16,NICA,285.71,285.71,283.19,285.71,4606
2018-05-17,NICA,285.71,287.39,284.87,285.71,12323
2018-05-20,NICA,289.92,289.92,284.87,285.71,10094
2018-05-21,NICA,285.71,288.24,284.03,288.24,6321
2018-05-22,NICA,284.87,285.71,284.03,284.03,8541
2018-05-23,NICA,284.03,284.03,282.35,282.35,7443
2018-05-24,NICA,282.35,284.03,280.67,280.67,26336
2018-05-27,NICA,279.83,279.83,274.79,276.47,10394
2018-05-28,NICA,275.63,286.55,275.63,279.83,5608
2018-05-29,NICA,278.99,284.03,277.31,284.03,6193
2018-05-30,NICA,285.71,289.08,282.35,284.87,14724
2018-05-31,NICA,284.03,285.71,280.67,283.19,16961
2018-06-03,NICA,278.15,284.03,272.27,275.63,9977
2018-06-04,NICA,270.59,276.47,270.59,273.95,7155
2018-06-06,NICA,278.99,284.03,278.99,280.67,3040
2018-06-07,NICA,278.99,279.83,273.95,274.79,6980
2018-06-10,NICA,273.11,273.11,266.39,269.75,12953
2018-06-11,NICA,268.07,273.11,264.71,270.59,17638
2018-06-12,NICA,268.07,273.11,268.07,273.11,4469
2018-06-13,NICA,268.07,273.11,268.07,272.27,2655
2018-06-14,NICA,276.47,277.31,272.27,274.79,8432
2018-06-17,NICA,273.11,273.11,267.23,268.91,23503
2018-06-18,NICA,268.91,273.95,264.71,267.23,4545
2018-06-19,NICA,267.23,268.91,263.03,267.23,83801
2018-06-20,NICA,267.23,268.91,266.39,267.23,2517
2018-06-21,NICA,263.87,268.91,263.87,264.71,2483
2018-06-24,NICA,263.03,269.75,263.03,265.55,1673
2018-06-25,NICA,266.39,267.23,263.03,263.03,4336
2018-06-26,NICA,267.23,267.23,259.66,260.5,18030
2018-06-27,NICA,257.14,264.71,257.14,262.18,7345
2018-06-28,NICA,263.03,265.55,262.18,263.87,15615
2018-07-01,NICA,266.39,269.75,261.34,261.34,4695
2018-07-02,NICA,259.66,265.55,257.14,257.98,12858
2018-07-03,NICA,257.14,262.18,257.14,261.34,7603
2018-07-04,NICA,260.5,265.55,259.66,263.87,8879
2018-07-05,NICA,266.39,268.91,263.03,268.91,12796
2018-07-08,NICA,268.07,270.59,264.71,266.39,5834
2018-07-09,NICA,264.71,266.39,263.03,265.55,12165
2018-07-10,NICA,267.23,271.43,265.55,268.07,8415
2018-07-11,NICA,269.75,270.59,261.34,262.18,9992
2018-07-12,NICA,263.03,264.71,261.34,264.71,13648
2018-07-15,NICA,264.71,266.39,261.34,266.39,5868
2018-07-16,NICA,266.39,268.07,264.71,265.55,3562
2018-07-17,NICA,266.39,268.91,265.55,265.55,4190
2018-07-18,NICA,266.39,266.39,265.55,266.39,4878
2018-07-19,NICA,263.03,266.39,262.18,262.18,7255
2018-07-22,NICA,261.34,262.18,257.98,260.5,11581
2018-07-23,NICA,260.5,261.34,258.82,261.34,951
2018-07-24,NICA,261.34,265.55,261.34,263.87,9354
2018-07-25,NICA,264.71,264.71,260.5,263.03,5938
2018-07-26,NICA,263.87,263.87,260.5,261.34,3729
2018-07-29,NICA,263.03,263.03,259.66,260.5,6690
2018-07-30,NICA,260.5,262.18,257.14,262.18,2672
2018-07-31,NICA,263.03,265.55,261.34,263.03,6326
2018-08-01,NICA,264.71,265.55,262.18,265.55,6318
2018-08-02,NICA,264.71,266.39,263.87,266.39,5531
2018-08-05,NICA,267.23,268.07,264.71,265.55,4436
2018-08-06,NICA,264.71,267.23,263.87,264.71,6141
2018-08-07,NICA,264.71,268.91,263.87,264.71,4293
2018-08-08,NICA,265.55,265.55,260.5,262.18,10693
2018-08-09,NICA,263.87,263.87,257.14,259.66,10753
2018-08-12,NICA,255.46,263.87,255.46,255.46,8903
2018-08-13,NICA,256.3,260.5,256.3,259.66,4058
2018-08-14,NICA,257.98,263.03,257.98,262.18,2453
2018-08-15,NICA,262.18,268.91,262.18,268.91,11005
2018-08-16,NICA,272.27,272.27,267.23,270.59,19874
2018-08-19,NICA,273.11,273.11,265.55,266.39,19853
2018-08-20,NICA,268.91,268.91,263.03,266.39,10193
2018-08-21,NICA,267.23,267.23,263.03,263.87,4251
2018-08-22,NICA,262.18,264.71,262.18,263.87,868
2018-08-23,NICA,263.03,264.71,261.34,263.03,24722
2018-08-26,NICA,264.71,264.71,263.03,263.03,3770
2018-08-28,NICA,262.18,273.11,261.34,272.27,19657
2018-08-29,NICA,268.07,273.11,268.07,273.11,15344
2018-08-30,NICA,270.59,287.39,270.59,285.71,62781
2018-09-02,NICA,280.67,303.36,280.67,300.84,91649
2018-09-03,NICA,300.0,310.92,299.16,307.56,93515
2018-09-04,NICA,302.52,326.89,302.52,321.85,89078
2018-09-05,NICA,322.69,328.57,315.97,321.85,90822
2018-09-06,NICA,321.85,322.69,312.61,318.49,42177
2018-09-09,NICA,315.13,323.53,312.61,321.01,66875
2018-09-10,NICA,321.01,323.53,315.13,322.69,38444
2018-09-11,NICA,320.17,328.57,320.17,327.73,70801
2018-09-12,NICA,324.37,342.86,324.37,342.86,126320
2018-09-13,NICA,344.54,357.14,344.54,347.06,133992
2018-09-16,NICA,353.78,354.62,342.86,342.86,87720
2018-09-17,NICA,343.7,348.74,336.97,345.38,52792
2018-09-18,NICA,345.38,345.38,340.34,342.02,40826
2018-09-20,NICA,342.02,355.46,342.02,353.78,112030
2018-09-23,NICA,357.14,375.63,352.94,369.75,161693
2018-09-25,NICA,375.63,385.71,371.43,378.15,131191
2018-09-26,NICA,378.15,378.99,364.71,370.59,60980
2018-09-27,NICA,369.75,373.95,364.71,368.07,48864
2018-09-30,NICA,363.03,373.11,363.03,371.43,72471
2018-10-01,NICA,371.43,371.43,361.34,365.55,57208
2018-10-02,NICA,363.87,365.55,357.98,361.34,37786
2018-10-03,NICA,358.82,363.03,354.62,354.62,59156
2018-10-04,NICA,360.5,360.5,348.74,357.14,39411
2018-10-07,NICA,358.82,358.82,350.42,354.62,39336
2018-10-08,NICA,352.94,360.5,352.94,358.82,30008
2018-10-09,NICA,359.66,364.71,357.14,359.66,38484
2018-10-10,NICA,365.55,365.55,355.46,358.82,16922
2018-10-11,NICA,357.14,366.39,357.14,362.18,35013
2018-10-14,NICA,362.18,369.75,361.34,366.39,36357
2018-10-15,NICA,366.39,374.79,366.39,370.59,36215
2018-10-21,NICA,364.71,380.67,364.71,378.15,40570
2018-10-22,NICA,378.15,379.83,373.95,376.47,17871
2018-10-23,NICA,376.47,376.47,371.43,375.63,38249
2018-10-24,NICA,374.79,374.79,368.91,373.95,28009
2018-10-25,NICA,373.95,373.95,367.23,372.27,26122
2018-10-28,NICA,380.67,380.67,359.66,361.34,52690
2018-10-29,NICA,357.98,361.34,355.46,356.3,32369
2018-10-30,NICA,359.66,364.71,357.14,361.34,17692
2018-10-31,NICA,357.14,358.82,352.1,352.1,20649
2018-11-01,NICA,350.42,357.14,349.58,352.94,30349
2018-11-04,NICA,348.74,352.1,345.38,347.06,28303
2018-11-05,NICA,353.78,355.46,347.9,352.1,38758
2018-11-14,NICA,357.14,363.03,353.78,355.46,3169
2018-11-15,NICA,356.3,360.5,350.42,352.1,16512
2018-11-18,NICA,350.42,357.98,349.58,354.62,70675
2018-11-19,NICA,351.26,351.26,346.22,346.22,17192
2018-11-20,NICA,347.06,347.06,343.7,345.38,19592
2018-11-21,NICA,345.38,348.74,342.02,348.74,8660
2018-11-22,NICA,348.74,348.74,344.54,345.38,8880
2018-11-25,NICA,345.2,346.22,340.34,342.86,8455
2018-11-26,NICA,342.55,345.38,340.34,344.54,9871
2018-11-27,NICA,344.54,349.58,343.7,345.38,12802
2018-11-28,NICA,345.47,347.06,338.66,342.02,9895
2018-11-29,NICA,342.63,349.58,338.66,340.34,11494
2018-12-02,NICA,340.34,347.06,334.45,336.13,36901
2018-12-03,NICA,336.13,349.58,334.45,338.66,22920
2018-12-04,NICA,338.66,343.7,338.66,342.86,43586
2018-12-06,NICA,300.84,300.84,294.96,300.0,22789
2018-12-09,NICA,300.0,315.13,298.32,315.13,23098
2018-12-10,NICA,315.13,323.53,315.13,321.01,20752
2018-12-11,NICA,321.01,323.53,314.29,315.13,31606
2018-12-12,NICA,315.13,319.33,312.61,313.45,5460
2018-12-13,NICA,313.45,320.17,313.45,317.65,30932
2018-12-16,NICA,317.65,326.05,317.65,321.85,23739
2018-12-17,NICA,321.85,326.05,319.33,326.05,33325
2018-12-18,NICA,326.05,327.73,315.97,319.33,55370
2018-12-19,NICA,319.33,321.85,317.65,319.33,28505
2018-12-20,NICA,319.33,324.37,319.33,319.33,43983
2018-12-23,NICA,319.33,331.09,319.33,329.41,46394
2018-12-24,NICA,329.41,331.93,324.37,324.37,29532
2018-12-25,NICA,324.37,324.37,319.33,321.85,22912
2018-12-26,NICA,320.17,332.77,320.17,331.93,35578
2018-12-27,NICA,331.93,336.13,326.05,326.89,21635
2018-12-30,NICA,326.89,326.89,322.69,325.21,15441
2018-12-31,NICA,325.21,325.21,316.81,316.81,14689
2019-01-01,NICA,316.81,321.85,316.81,319.33,7155
2019-01-02,NICA,319.33,321.01,317.65,321.01,19408
2019-01-03,NICA,321.01,323.53,320.17,321.85,8316
2019-01-06,NICA,321.85,321.85,316.81,316.81,9575
2019-01-07,NICA,316.81,321.85,316.81,318.49,17398
2019-01-08,NICA,318.49,322.69,318.49,321.01,26447
2019-01-09,NICA,321.01,329.41,321.01,326.05,43470
2019-01-10,NICA,326.05,327.73,323.53,327.73,28615
2019-01-13,NICA,327.73,329.41,321.85,322.69,74495
2019-01-14,NICA,322.69,327.73,322.69,324.37,8106
2019-01-15,NICA,324.37,329.41,324.37,327.73,15949
2019-01-16,NICA,327.73,336.97,327.73,334.45,77989
2019-01-17,NICA,334.45,336.97,331.93,332.77,27748
2019-01-20,NICA,332.77,333.61,329.41,329.41,5752
2019-01-21,NICA,329.41,335.29,326.89,326.89,17919
2019-01-22,NICA,326.89,329.41,326.89,327.73,7735
2019-01-23,NICA,327.73,331.09,327.73,329.41,8939
2019-01-24,NICA,329.41,332.77,328.57,329.41,20113
2019-01-27,NICA,329.41,329.41,326.89,328.57,27179
2019-01-28,NICA,328.57,331.09,328.57,330.25,12704
2019-01-29,NICA,330.25,330.25,326.89,327.73,24692
2019-01-30,NICA,327.73,329.41,327.73,329.41,23118
2019-01-31,NICA,329.41,331.09,327.73,328.57,11447
2019-02-03,NICA,331.09,331.93,327.73,327.73,22031
2019-02-04,NICA,328.57,329.41,326.05,326.89,31537
2019-02-05,NICA,328.57,331.09,326.89,326.89,14198
2019-02-06,NICA,322.69,327.73,322.69,325.21,12115
2019-02-07,NICA,324.37,327.73,323.53,327.73,9862
2019-02-10,NICA,326.89,328.57,321.01,323.53,20647
2019-02-11,NICA,320.17,325.21,320.17,324.37,10406
2019-02-12,NICA,330.25,330.25,322.69,324.37,11167
2019-02-13,NICA,326.05,329.41,322.69,322.69,15606
2019-02-14,NICA,321.01,326.89,319.33,322.69,17211
2019-02-17,NICA,325.21,326.05,321.85,325.21,13443
2019-02-18,NICA,323.53,325.21,321.85,323.53,13348
2019-02-19,NICA,326.89,326.89,323.53,326.89,10351
2019-02-20,NICA,331.93,331.93,323.53,325.21,6553
2019-02-21,NICA,326.05,326.05,321.01,322.69,13521
2019-02-24,NICA,323.53,323.53,309.24,310.92,36648
2019-02-25,NICA,310.92,316.81,310.92,314.29,16761
2019-02-26,NICA,314.29,319.33,313.45,315.97,9932
2019-02-27,NICA,315.13,321.01,315.13,317.65,7888
2019-03-03,NICA,319.33,319.33,316.81,317.65,13490
2019-03-05,NICA,317.65,321.01,316.81,320.17,31858
2019-03-06,NICA,319.33,324.37,317.65,323.53,22986
2019-03-07,NICA,323.53,329.41,323.53,328.57,26697
2019-03-10,NICA,329.41,332.77,323.53,331.93,10053
2019-03-11,NICA,335.29,336.13,330.25,336.13,55606
2019-03-12,NICA,338.66,339.5,333.61,336.97,48752
2019-03-13,NICA,340.34,340.34,332.77,334.45,31796
2019-03-14,NICA,331.93,336.13,331.93,335.29,20294
2019-03-17,NICA,336.97,340.34,336.13,336.97,38412
2019-03-18,NICA,336.13,337.82,333.61,334.45,21236
2019-03-19,NICA,337.82,337.82,334.45,335.29,3790
2019-03-21,NICA,333.61,335.29,331.93,331.93,22176
2019-03-24,NICA,330.25,335.29,330.25,332.77,11361
2019-03-25,NICA,331.09,336.13,331.09,334.45,8113
2019-03-26,NICA,334.45,336.13,331.93,334.45,15558
2019-03-27,NICA,336.13,336.13,333.61,334.45,13262
2019-03-28,NICA,338.66,338.66,332.77,334.45,15408
2019-03-31,NICA,336.97,337.82,335.29,336.13,24402
2019-04-01,NICA,339.5,344.54,336.13,344.54,54571
2019-04-02,NICA,346.22,357.98,344.54,357.98,89445
2019-04-03,NICA,359.66,368.91,353.78,366.39,101042
2019-04-04,NICA,369.75,373.11,362.18,369.75,107396
2019-04-07,NICA,372.27,396.64,368.91,393.28,147987
2019-04-08,NICA,393.28,401.68,388.24,391.6,161971
2019-04-09,NICA,394.96,395.8,383.19,384.87,116366
2019-04-10,NICA,389.08,394.12,384.03,391.6,63030
2019-04-11,NICA,391.6,395.8,390.76,394.12,54800
2019-04-15,NICA,391.6,397.48,391.6,394.96,39084
2019-04-16,NICA,395.8,418.49,394.96,413.45,106050
2019-04-17,NICA,413.45,418.49,406.72,409.24,92921
2019-04-18,NICA,410.92,414.29,404.2,405.04,60312
2019-04-21,NICA,411.76,415.97,401.68,415.13,94558
2019-04-22,NICA,415.13,420.17,405.88,406.72,79167
2019-04-23,NICA,401.68,415.97,401.68,411.76,58722
2019-04-24,NICA,411.76,426.89,411.76,425.21,128530
2019-04-25,NICA,426.89,432.77,421.85,426.05,88888
2019-04-28,NICA,430.25,430.25,421.01,421.85,84179
2019-04-29,NICA,418.49,421.85,415.97,416.81,62052
2019-04-30,NICA,417.65,420.17,413.45,415.97,23369
2019-05-02,NICA,413.45,415.97,410.08,412.61,31276
2019-05-05,NICA,409.24,411.76,405.88,405.88,35721
2019-05-06,NICA,403.36,416.81,403.36,416.81,39149
2019-05-07,NICA,411.76,421.85,406.72,415.13,33241
2019-05-08,NICA,413.45,416.81,411.76,414.29,19495
2019-05-09,NICA,414.29,414.29,409.24,410.08,25211
2019-05-12,NICA,407.56,418.49,405.04,418.49,40990
2019-05-13,NICA,421.01,421.01,408.4,409.24,42220
2019-05-14,NICA,415.97,419.33,409.24,414.29,39731
2019-05-15,NICA,420.17,420.17,412.61,412.61,49643
2019-05-16,NICA,411.76,415.97,409.24,411.76,25182
2019-05-19,NICA,411.76,412.61,406.72,406.72,38861
2019-05-20,NICA,405.04,412.61,404.2,405.88,38921
2019-05-21,NICA,406.72,409.24,403.36,405.04,39645
2019-05-22,NICA,405.04,407.56,404.2,406.72,25076
2019-05-23,NICA,408.4,408.4,404.2,406.72,24480
2019-05-26,NICA,406.72,407.56,400.0,400.84,36547
2019-05-27,NICA,405.04,405.04,399.16,403.36,31557
2019-05-28,NICA,402.52,405.04,400.0,403.36,20813
2019-05-29,NICA,403.36,407.56,403.36,403.36,19752
2019-05-30,NICA,420.17,421.85,405.88,407.56,67442
2019-06-02,NICA,406.72,406.72,401.68,401.68,49886
2019-06-03,NICA,399.16,399.16,390.76,393.28,193172
2019-06-04,NICA,392.44,398.32,389.08,394.96,30464
2019-06-06,NICA,394.12,399.16,384.87,386.55,62274
2019-06-11,NICA,381.51,384.87,375.63,384.03,60515
2019-06-12,NICA,386.55,391.6,382.35,384.87,33591
2019-06-13,NICA,392.44,395.8,381.51,381.51,39607
2019-06-16,NICA,389.08,396.64,378.99,378.99,35541
2019-06-17,NICA,382.35,386.55,378.99,381.51,32855
2019-06-18,NICA,388.24,388.24,382.35,387.39,43757
2019-06-19,NICA,389.08,394.96,387.39,391.6,46789
2019-06-20,NICA,393.28,399.16,390.76,395.8,30484
2019-06-23,NICA,403.36,403.36,386.55,391.6,26800
2019-06-24,NICA,393.28,394.12,390.76,392.44,29942
2019-06-25,NICA,394.96,397.48,391.6,394.12,21895
2019-06-26,NICA,394.96,399.16,391.6,392.44,14360
2019-06-27,NICA,399.16,399.16,388.24,389.08,21927
2019-06-30,NICA,385.71,389.08,383.19,383.19,27859
2019-07-01,NICA,382.35,384.87,377.31,383.19,38691
2019-07-02,NICA,387.39,387.39,380.67,382.35,31497
2019-07-03,NICA,389.92,396.64,383.19,388.24,20331
2019-07-04,NICA,391.6,394.12,386.55,388.24,16735
2019-07-07,NICA,395.8,400.0,382.35,384.87,22121
2019-07-08,NICA,381.51,382.35,378.15,379.83,31564
2019-07-09,NICA,381.51,381.51,373.11,377.31,42350
2019-07-10,NICA,375.63,377.31,372.27,373.95,37178
2019-07-11,NICA,378.15,378.15,372.27,373.95,39147
2019-07-14,NICA,377.31,378.15,370.59,372.27,15141
2019-07-15,NICA,373.11,375.63,370.59,374.79,46364
2019-07-16,NICA,378.15,378.15,373.11,376.47,14110
2019-07-17,NICA,378.15,384.03,378.15,383.19,26501
2019-07-18,NICA,383.19,389.92,383.19,385.71,28359
2019-07-21,NICA,384.87,388.24,382.35,387.39,14798
2019-07-22,NICA,393.28,393.28,384.87,389.08,16651
2019-07-23,NICA,389.08,394.12,388.24,390.76,12440
2019-07-24,NICA,392.44,402.52,390.76,398.32,32270
2019-07-25,NICA,394.96,400.0,390.76,392.44,33130
2019-07-28,NICA,390.76,390.76,384.03,385.71,47251
2019-07-29,NICA,388.24,389.92,386.55,388.24,15259
2019-07-30,NICA,392.44,392.44,389.08,390.76,7866
2019-07-31,NICA,398.32,398.32,390.76,393.28,12296
2019-08-01,NICA,397.48,397.48,390.76,392.44,20007
2019-08-04,NICA,398.32,398.32,390.76,392.44,12134
2019-08-05,NICA,394.12,394.12,389.08,390.76,34781
2019-08-06,NICA,389.92,389.92,378.99,384.87,43065
2019-08-07,NICA,378.99,386.55,378.99,380.67,17917
2019-08-08,NICA,382.35,382.35,377.31,377.31,15933
2019-08-11,NICA,375.63,379.83,375.63,377.31,11993
2019-08-12,NICA,377.31,378.15,376.47,378.15,12265
2019-08-13,NICA,378.15,380.67,376.47,377.31,5472
2019-08-14,NICA,375.63,378.15,372.27,372.27,18041
2019-08-15,NICA,377.31,378.15,372.27,373.11,46360
2019-08-18,NICA,378.15,384.87,377.31,378.99,54223
2019-08-19,NICA,380.67,389.92,378.99,386.55,37488
2019-08-20,NICA,386.55,387.39,380.67,380.67,29190
2019-08-21,NICA,381.51,384.03,378.99,381.51,38058
2019-08-22,NICA,388.24,388.24,379.83,381.51,42153
2019-08-25,NICA,378.99,380.67,376.47,376.47,32538
2019-08-26,NICA,378.15,378.15,374.79,375.63,31024
2019-08-27,NICA,378.99,378.99,375.63,375.63,52701
2019-08-28,NICA,395.8,395.8,368.07,368.91,72685
2019-08-29,NICA,375.63,378.15,367.23,368.91,29723
2019-09-01,NICA,388.24,388.24,368.91,369.75,15482
2019-09-02,NICA,366.39,395.8,365.55,366.39,11942
2019-09-03,NICA,368.91,377.31,357.98,377.31,50696
2019-09-04,NICA,370.59,380.67,369.75,378.99,22602
2019-09-05,NICA,381.51,381.51,375.63,377.31,29014
2019-09-08,NICA,378.15,380.67,376.47,376.47,35963
2019-09-09,NICA,378.15,378.15,372.27,376.47,15778
2019-09-10,NICA,378.15,378.15,372.27,376.47,27649
2019-09-11,NICA,378.15,381.51,373.11,375.63,22108
2019-09-12,NICA,374.79,378.15,373.95,376.47,79341
2019-09-15,NICA,370.59,370.59,327.73,328.57,22199
2019-09-16,NICA,327.73,328.57,316.81,319.33,31341
2019-09-17,NICA,316.81,327.73,315.97,325.21,18010
2019-09-18,NICA,331.09,334.45,325.21,331.93,23035
2019-09-19,NICA,336.13,336.13,322.69,325.21,10037
2019-09-22,NICA,330.25,330.25,317.65,321.85,7772
2019-09-23,NICA,327.73,327.73,317.65,318.49,13501
2019-09-24,NICA,318.49,320.17,315.97,318.49,13035
2019-09-25,NICA,318.49,320.17,315.13,315.97,15432
2019-09-26,NICA,316.81,316.81,315.13,315.13,14312
2019-09-29,NICA,314.29,316.81,312.61,315.13,22722
2019-09-30,NICA,315.97,317.65,315.13,316.81,9045
2019-10-01,NICA,317.65,322.69,315.13,322.69,5241
2019-10-02,NICA,326.89,327.73,321.01,322.69,7310
2019-10-03,NICA,336.97,336.97,321.85,326.89,8409
2019-10-10,NICA,326.89,326.89,321.85,323.53,3175
2019-10-14,NICA,323.53,323.53,317.65,317.65,10343
2019-10-15,NICA,319.33,323.53,317.65,323.53,11302
2019-10-16,NICA,327.73,327.73,321.85,324.37,15604
2019-10-17,NICA,325.21,325.21,322.69,324.37,10188
2019-10-20,NICA,330.25,336.13,321.01,321.01,12661
2019-10-21,NICA,321.01,326.89,321.01,322.69,6069
2019-10-22,NICA,322.69,328.57,322.69,328.57,24454
2019-10-23,NICA,329.41,336.97,327.73,334.45,37258
2019-10-24,NICA,336.13,347.9,336.13,345.38,84273
2019-10-31,NICA,349.58,351.26,342.86,342.86,29033
2019-11-03,NICA,342.86,342.86,337.82,340.34,10405
2019-11-04,NICA,340.34,340.34,333.61,336.13,10935
2019-11-05,NICA,336.13,336.97,333.61,333.61,13299
2019-11-06,NICA,333.61,339.5,332.77,336.13,20215
2019-11-07,NICA,333.61,338.66,333.61,335.29,10888
2019-11-10,NICA,341.18,341.18,333.61,336.13,27061
2019-11-11,NICA,334.45,341.18,334.45,339.5,21981
2019-11-12,NICA,339.5,341.18,334.45,334.45,12817
2019-11-13,NICA,334.45,336.13,334.45,335.29,8746
2019-11-14,NICA,335.29,341.18,335.29,341.18,22377
2019-11-17,NICA,347.9,352.94,344.54,351.26,94663
2019-11-18,NICA,352.94,356.3,348.74,350.42,33570
2019-11-19,NICA,352.1,352.1,344.54,345.38,21424
2019-11-20,NICA,345.38,350.42,342.02,344.54,20611
2019-11-21,NICA,344.54,347.06,336.13,339.5,31833
2019-11-24,NICA,337.82,341.18,332.77,336.13,21650
2019-11-25,NICA,336.13,342.86,334.45,340.34,10402
2019-11-26,NICA,339.5,341.18,338.66,341.18,24891
2019-11-27,NICA,340.34,342.86,340.34,342.86,16628
2019-11-28,NICA,342.86,344.54,341.18,341.18,19814
2019-12-01,NICA,342.02,342.02,340.34,341.18,30520
2019-12-02,NICA,341.18,342.02,339.5,339.5,26575
2019-12-03,NICA,340.34,342.02,338.66,340.34,31452
2019-12-04,NICA,343.7,343.7,338.66,338.66,47834
2019-12-05,NICA,340.34,342.86,340.34,342.02,24306
2019-12-08,NICA,342.02,343.7,339.5,340.34,24612
2019-12-09,NICA,340.34,344.54,340.34,344.54,17775
2019-12-10,NICA,347.9,348.74,343.7,344.54,20176
2019-12-11,NICA,344.54,348.74,344.54,347.9,13581
2019-12-12,NICA,346.22,351.26,346.22,347.9,17030
2019-12-15,NICA,348.74,356.3,347.9,352.1,35068
2019-12-16,NICA,357.14,357.14,347.9,351.26,46637
2019-12-17,NICA,348.74,351.26,347.06,347.9,24206
2019-12-18,NICA,352.94,352.94,347.9,349.58,17181
2019-12-19,NICA,351.26,351.26,347.06,347.06,23427
2019-12-22,NICA,346.22,352.1,346.22,348.74,23136
2019-12-23,NICA,353.78,353.78,347.9,348.74,46469
2019-12-24,NICA,348.74,352.1,347.9,347.9,34008
2019-12-25,NICA,347.9,349.58,347.06,347.06,41239
2019-12-26,NICA,347.9,347.9,346.22,346.22,35827
2019-12-29,NICA,348.74,348.74,341.18,342.86,18417
2019-12-30,NICA,342.02,342.86,340.34,340.34,28616
2019-12-31,NICA,347.06,347.9,342.02,342.86,28129
2020-01-01,NICA,344.54,347.06,342.86,345.38,35563
2020-01-02,NICA,347.06,348.74,345.38,347.06,41445
2020-01-05,NICA,347.9,362.18,347.06,358.82,102503
2020-01-06,NICA,361.34,370.59,359.66,369.75,194558
2020-01-07,NICA,371.43,377.31,365.55,368.07,146948
2020-01-08,NICA,368.91,371.43,363.03,364.71,98321
2020-01-09,NICA,362.18,367.23,362.18,363.87,33427
2020-01-12,NICA,368.91,378.99,368.07,374.79,91556
2020-01-13,NICA,379.83,385.71,373.95,378.15,123765
2020-01-14,NICA,378.15,378.15,372.27,372.27,64306
2020-01-15,NICA,374.79,398.32,374.79,396.64,160108
2020-01-16,NICA,399.16,406.72,399.16,399.16,142355
2020-01-19,NICA,406.72,410.92,399.16,400.84,131384
2020-01-20,NICA,406.72,413.45,394.96,399.16,122183
2020-01-21,NICA,410.08,414.29,403.36,405.04,195430
2020-01-22,NICA,411.76,411.76,400.84,401.68,61558
2020-01-23,NICA,407.56,407.56,394.96,396.64,55322
2020-01-26,NICA,396.64,399.16,391.6,392.44,59998
2020-01-27,NICA,390.76,398.32,389.92,395.8,57507
2020-01-28,NICA,399.16,403.36,398.32,399.16,42456
2020-01-29,NICA,401.68,401.68,394.12,394.96,31065
2020-01-30,NICA,395.8,405.88,394.96,403.36,65696
2020-02-02,NICA,406.72,414.29,405.04,413.45,128887
2020-02-03,NICA,415.97,416.81,409.24,410.08,71812
2020-02-04,NICA,410.08,410.92,404.2,404.2,63839
2020-02-05,NICA,420.17,420.17,403.36,405.04,45781
2020-02-06,NICA,405.88,407.56,402.52,404.2,66736
2020-02-09,NICA,404.2,411.76,401.68,405.88,71613
2020-02-10,NICA,405.88,410.92,405.04,410.08,73372
2020-02-11,NICA,417.65,424.37,411.76,422.69,228218
2020-02-12,NICA,424.37,428.57,423.53,426.89,123088
2020-02-13,NICA,426.05,427.73,420.17,422.69,99381
2020-02-16,NICA,422.69,429.41,421.85,429.41,78765
2020-02-17,NICA,431.09,457.98,431.09,452.94,164128
2020-02-18,NICA,457.14,468.91,453.78,460.5,194043
2020-02-19,NICA,462.18,464.71,456.3,459.66,109712
2020-02-20,NICA,460.5,465.55,460.5,465.55,106954
2020-02-23,NICA,467.23,505.88,467.23,500.84,159238
2020-02-24,NICA,500.84,520.17,495.8,499.16,174260
2020-02-25,NICA,499.16,502.52,483.19,500.0,153538
2020-02-26,NICA,506.72,516.81,500.0,512.61,166838
2020-02-27,NICA,508.4,557.14,493.28,554.62,330732
2020-03-01,NICA,554.62,571.43,534.45,536.97,334054
2020-03-02,NICA,536.97,536.97,504.2,506.72,236109
2020-03-03,NICA,506.72,521.85,486.55,510.92,305633
2020-03-04,NICA,510.92,512.61,484.87,484.87,220724
2020-03-05,NICA,494.12,494.96,470.59,483.19,168687
2020-03-10,NICA,473.95,473.95,442.02,442.02,149878
2020-03-11,NICA,436.97,478.15,436.97,476.47,265635
2020-03-12,NICA,473.95,478.15,457.98,462.18,210135
2020-07-01,NICA,431.93,448.74,431.93,441.18,33967
2020-07-06,NICA,412.61,420.17,403.36,419.33,35198
2020-07-07,NICA,419.33,434.45,419.33,428.57,72828
2020-07-08,NICA,422.69,432.77,420.17,424.37,35217
2020-07-09,NICA,421.85,427.73,416.81,421.85,69253
2020-07-12,NICA,429.41,432.77,425.21,428.57,88061
2020-07-13,NICA,428.57,435.29,427.73,433.61,91574
2020-07-14,NICA,454.62,454.62,435.29,447.9,90120
2020-07-15,NICA,453.78,466.39,452.94,464.71,189465
2020-07-16,NICA,473.11,479.83,468.07,478.99,100312
2020-07-19,NICA,488.24,526.89,488.24,526.89,1111
2020-07-20,NICA,552.94,563.87,490.76,500.0,288033
2020-07-21,NICA,504.2,507.56,487.39,493.28,193137
2020-07-22,NICA,493.28,504.2,485.71,487.39,121795
2020-07-23,NICA,487.39,489.08,478.15,486.55,102536
2020-07-26,NICA,491.6,502.52,487.39,499.16,146673
2020-07-27,NICA,504.2,508.4,492.44,493.28,99981
2020-07-28,NICA,491.6,497.48,486.55,487.39,96294
2020-07-29,NICA,484.87,486.55,478.99,478.99,155181
2020-07-30,NICA,478.99,484.87,474.79,478.99,89310
2020-08-02,NICA,475.63,475.63,463.87,463.87,125621
2020-08-03,NICA,462.18,470.59,457.14,467.23,93087
2020-08-05,NICA,461.34,464.71,455.46,463.87,76873
2020-08-06,NICA,457.98,463.03,451.26,460.5,73572
2020-08-09,NICA,460.5,466.39,452.1,464.71,49047
2020-08-10,NICA,467.23,484.03,462.18,482.35,128478
2020-08-11,NICA,484.03,489.08,478.99,480.67,74503
2020-08-12,NICA,487.39,487.39,473.95,482.35,67657
2020-08-13,NICA,478.99,489.92,478.99,484.87,120252
2020-08-16,NICA,483.19,483.19,470.59,475.63,71817
2020-08-17,NICA,478.15,478.15,472.27,475.63,37723
2020-08-18,NICA,475.63,478.99,472.27,474.79,43780
2020-08-19,NICA,466.39,473.11,464.71,465.55,59039
2020-08-20,NICA,465.55,473.95,465.55,470.59,15745
2020-08-23,NICA,468.91,479.83,468.07,474.79,23761
2020-08-24,NICA,478.99,486.55,477.31,482.35,99698
2020-08-25,NICA,482.35,488.24,481.51,484.03,94522
2020-08-26,NICA,486.55,504.2,484.87,495.8,176951
2020-08-27,NICA,504.2,504.2,492.44,494.12,140837
2020-09-03,NICA,513.45,513.45,497.48,500.0,68906
2020-09-06,NICA,524.37,524.37,489.08,494.12,114541
2020-09-07,NICA,496.64,497.48,484.03,484.87,72833
2020-09-08,NICA,483.19,489.08,478.99,486.55,49349
2020-09-09,NICA,484.87,489.08,479.83,484.87,62944
2020-09-14,NICA,499.16,500.0,490.76,494.96,69492
2020-09-15,NICA,493.28,495.8,487.39,488.24,40505
2020-09-16,NICA,488.24,489.08,483.19,486.55,43649
2020-09-17,NICA,487.39,498.32,486.55,495.8,105630
2020-09-20,NICA,502.52,507.56,496.64,497.48,81497
2020-09-21,NICA,512.61,512.61,490.76,494.96,54931
2020-09-22,NICA,495.8,495.8,484.03,486.55,72316
2020-09-23,NICA,481.51,488.24,480.67,485.71,33384
2020-09-24,NICA,509.24,509.24,484.03,486.55,37060
2020-09-27,NICA,510.08,510.08,483.19,487.39,48614
2020-09-28,NICA,490.76,490.76,485.71,486.55,46486
2020-09-29,NICA,486.55,486.55,478.99,481.51,58385
2020-09-30,NICA,505.04,505.04,478.15,479.83,60813
2020-10-01,NICA,483.19,489.08,479.83,486.55,73645
2020-10-04,NICA,486.55,494.12,486.55,487.39,60622
2020-10-05,NICA,494.96,494.96,484.87,484.87,54309
2020-10-06,NICA,487.39,487.39,482.35,482.35,40533
2020-10-07,NICA,484.03,484.87,480.67,483.19,66003
2020-10-08,NICA,489.08,494.96,479.83,481.51,52226
2020-10-11,NICA,483.19,489.08,479.83,482.35,73636
2020-10-12,NICA,487.39,493.28,483.19,487.39,87414
2020-10-13,NICA,491.6,496.64,485.71,486.55,49233
2020-10-14,NICA,493.28,493.28,483.19,486.55,32158
2020-10-15,NICA,510.08,510.08,484.87,485.71,40608
2020-10-18,NICA,491.6,491.6,480.67,480.67,28041
2020-10-19,NICA,483.19,486.55,482.35,484.87,17751
2020-10-20,NICA,487.39,489.08,483.19,487.39,34431
2020-10-21,NICA,512.61,532.77,505.88,508.4,399513
2020-10-22,NICA,516.81,516.81,504.2,508.4,162894
2020-10-28,NICA,512.61,519.33,508.4,518.49,139393
2020-10-29,NICA,525.21,528.57,518.49,521.01,190125
2020-11-01,NICA,521.01,528.57,515.13,522.69,173339
2020-11-02,NICA,519.33,524.37,518.49,519.33,109064
2020-11-03,NICA,519.33,523.53,516.81,520.17,134689
2020-11-04,NICA,521.01,521.85,516.81,520.17,61952
2020-11-05,NICA,521.01,521.85,517.65,519.33,86880
2020-11-08,NICA,521.01,522.69,518.49,520.17,78936
2020-11-09,NICA,522.69,523.53,518.49,519.33,66336
2020-11-10,NICA,521.01,524.37,518.49,520.17,95856
2020-11-11,NICA,521.01,542.02,521.01,539.5,246848
2020-11-12,NICA,546.22,546.22,533.61,541.18,193912
2020-11-18,NICA,545.38,567.23,541.18,563.03,274516
2020-11-19,NICA,567.23,573.95,557.98,563.03,232275
2020-11-22,NICA,566.39,583.19,563.87,580.67,258731
2020-11-23,NICA,584.03,587.39,576.47,577.31,214571
2020-11-24,NICA,605.04,605.04,577.31,585.71,538774
2020-11-25,NICA,610.0,640.0,605.0,630.0,250326
2020-11-26,NICA,648.0,650.0,623.0,624.0,235735
2020-11-29,NICA,638.0,678.0,626.0,660.0,311229
2020-11-30,NICA,680.0,692.0,644.0,647.0,193860
2020-12-01,NICA,646.0,655.0,630.0,632.0,170189
2020-12-02,NICA,635.0,688.0,630.0,653.0,198722
2020-12-03,NICA,660.0,660.0,637.0,644.0,141764
2020-12-06,NICA,632.0,644.0,623.0,623.0,158242
2020-12-07,NICA,623.0,636.0,620.0,633.0,148276
2020-12-08,NICA,664.0,664.0,625.0,626.0,128039
2020-12-09,NICA,625.0,626.0,611.0,612.0,127221
2020-12-10,NICA,612.0,621.0,608.0,616.0,104431
2020-12-13,NICA,620.0,652.0,620.0,650.0,236248
2020-12-14,NICA,663.0,673.0,648.0,667.0,337934
2020-12-15,NICA,680.0,680.0,667.0,672.0,284988
2020-12-16,NICA,700.0,700.0,665.0,669.0,170003
2020-12-17,NICA,665.0,699.0,665.0,690.0,349388
2020-12-20,NICA,690.0,749.0,671.0,706.0,671453
2020-12-21,NICA,707.0,777.0,699.0,777.0,605883
2020-12-22,NICA,815.0,854.0,814.0,854.0,555811
2020-12-23,NICA,896.0,920.0,825.0,852.0,381481
2020-12-24,NICA,863.0,863.0,813.0,827.0,390680
2020-12-27,NICA,827.0,836.0,805.0,810.0,326770
2020-12-28,NICA,809.0,854.0,801.0,854.0,359860
2020-12-29,NICA,854.0,863.0,840.0,842.0,176925
2020-12-30,NICA,842.0,881.0,835.0,870.0,370286
2020-12-31,NICA,875.0,898.0,870.0,882.0,304296
2021-01-03,NICA,895.0,908.0,892.0,899.0,304366
2021-01-04,NICA,908.0,913.0,885.0,892.0,234042
2021-01-05,NICA,890.0,899.0,880.0,883.0,184653
2021-01-06,NICA,898.0,899.0,882.0,892.0,110605
2021-01-07,NICA,893.0,916.0,890.0,908.0,250027
2021-01-10,NICA,910.0,935.0,910.0,927.0,194033
2021-01-11,NICA,945.0,963.0,912.0,915.0,176512
2021-01-12,NICA,930.0,950.0,907.0,918.0,135414
2021-01-13,NICA,925.0,936.0,907.0,912.0,174132
2021-01-17,NICA,925.0,925.0,896.0,901.0,254035
2021-01-18,NICA,902.0,935.0,896.0,906.0,223189
2021-01-19,NICA,951.0,951.0,895.0,900.0,223860
2021-01-20,NICA,905.0,905.0,885.0,889.0,205128
2021-01-21,NICA,890.0,901.0,885.0,887.0,181625
2021-01-24,NICA,899.0,905.0,880.0,885.0,234231
2021-01-25,NICA,929.0,929.0,880.0,907.0,330776
2021-01-26,NICA,909.0,915.0,897.0,900.0,154147
2021-01-27,NICA,902.0,902.0,888.0,893.0,158020
2021-01-28,NICA,892.0,895.0,868.0,875.0,324169
2021-01-31,NICA,875.0,880.0,858.0,860.0,334750
2021-02-01,NICA,877.0,877.0,855.0,857.0,206175
2021-02-02,NICA,899.0,899.0,861.0,888.0,190925
2021-02-03,NICA,850.0,915.0,850.0,880.0,146919
2021-02-04,NICA,882.0,882.0,870.0,877.0,139753
2021-02-07,NICA,877.0,880.0,869.0,874.0,124789
2021-02-08,NICA,880.0,899.0,874.0,889.0,224654
2021-02-09,NICA,900.0,905.0,883.0,885.0,173312
2021-02-10,NICA,888.0,895.0,878.0,884.0,108250
2021-02-11,NICA,888.0,920.0,880.0,889.0,230138
2021-02-14,NICA,900.0,900.0,875.0,877.0,171612
2021-02-15,NICA,890.0,921.0,886.0,917.0,448841
2021-02-16,NICA,930.0,940.0,911.0,924.0,360310
2021-02-17,NICA,930.0,935.0,911.0,923.0,205348
2021-02-18,NICA,923.0,983.0,923.0,963.0,587795
2021-02-21,NICA,1000.0,1000.0,944.0,955.0,318546
2021-02-22,NICA,951.0,951.0,914.0,918.0,410509
2021-02-23,NICA,920.0,925.0,893.0,925.0,361039
2021-02-24,NICA,940.0,955.0,915.0,920.0,220278
2021-02-25,NICA,966.0,966.0,900.0,905.0,224463
2021-02-28,NICA,900.0,900.0,878.0,883.0,277409
2021-03-01,NICA,927.0,927.0,861.0,892.0,202862
2021-03-02,NICA,909.0,909.0,862.0,880.0,203295
2021-03-03,NICA,866.0,876.0,853.0,870.0,247185
2021-03-04,NICA,913.0,913.0,870.0,895.0,177944
2021-03-07,NICA,910.0,910.0,875.0,878.0,101323
2021-03-09,NICA,880.0,880.0,866.0,869.0,80802
2021-03-10,NICA,912.0,912.0,861.0,866.0,54313
2021-03-14,NICA,875.0,875.0,843.0,859.0,135716
2021-03-15,NICA,901.0,901.0,840.0,855.0,147770
2021-03-16,NICA,842.0,867.0,842.0,860.0,102391
2021-03-17,NICA,865.0,874.0,854.0,865.0,66842
2021-03-18,NICA,861.0,879.0,860.0,872.0,84279
2021-03-21,NICA,878.0,894.0,870.0,893.0,116839
2021-03-22,NICA,909.0,909.0,876.0,881.0,69309
2021-03-23,NICA,872.0,880.0,872.0,877.0,48299
2021-03-24,NICA,880.0,886.0,877.0,879.0,60092
2021-03-25,NICA,890.0,890.0,870.0,872.0,49981
2021-03-29,NICA,871.0,880.0,867.0,872.0,36653
2021-03-30,NICA,875.0,875.0,870.0,872.0,100427
2021-03-31,NICA,900.0,910.0,875.0,903.0,154542
2021-04-01,NICA,910.0,910.0,899.0,907.0,168155
2021-04-04,NICA,920.0,929.0,912.0,921.0,196870
2021-04-05,NICA,954.0,954.0,914.0,914.0,163192
2021-04-06,NICA,959.0,959.0,901.0,918.0,111261
2021-04-07,NICA,936.0,936.0,912.0,920.0,125471
2021-04-08,NICA,938.0,938.0,907.0,918.0,98184
2021-04-12,NICA,921.0,949.0,915.0,949.0,266850
2021-04-13,NICA,960.0,971.0,948.0,970.0,254036
2021-04-15,NICA,979.0,998.0,970.0,979.0,331555
2021-04-18,NICA,1027.0,1027.0,960.0,963.0,272250
2021-04-19,NICA,960.0,963.0,935.0,948.0,201971
2021-04-20,NICA,943.0,959.0,930.0,940.0,120456
2021-04-21,NICA,943.0,943.0,920.0,921.0,130563
2021-04-22,NICA,934.0,934.0,907.0,922.0,121770
2021-04-25,NICA,925.0,925.0,900.0,908.0,226128
2021-04-26,NICA,953.0,953.0,874.0,892.0,181784
2021-04-27,NICA,848.0,916.0,848.0,913.0,127941
2021-04-28,NICA,918.0,920.0,896.0,899.0,125206
2021-04-29,NICA,943.0,943.0,895.0,897.0,82739
2021-05-02,NICA,900.0,909.0,895.0,904.0,110099
2021-05-03,NICA,910.0,914.0,897.0,898.0,100965
2021-05-04,NICA,900.0,900.0,890.0,890.0,73877
2021-05-05,NICA,869.0,900.0,869.0,887.0,72643
2021-05-06,NICA,890.0,891.0,882.0,886.0,60231
2021-05-09,NICA,886.0,893.0,877.0,884.0,65133
2021-05-10,NICA,880.0,895.0,880.0,892.0,44848
2021-05-11,NICA,892.0,901.0,891.0,892.0,68098
2021-05-12,NICA,936.0,936.0,885.0,887.0,53176
2021-05-13,NICA,925.0,925.0,887.0,889.0,40349
2021-05-16,NICA,900.0,904.0,895.0,903.0,72541
2021-05-17,NICA,909.0,913.0,900.0,907.0,82122
2021-05-18,NICA,890.0,908.0,890.0,905.0,78733
2021-05-19,NICA,919.0,919.0,900.0,905.0,91053
2021-05-20,NICA,906.0,918.0,905.0,906.0,58888
2021-05-23,NICA,906.0,948.0,895.0,948.0,160448
2021-05-24,NICA,940.0,950.0,918.0,923.0,194943
2021-05-25,NICA,925.0,925.0,906.0,910.0,115162
2021-05-27,NICA,895.0,912.0,893.0,905.0,137867
2021-05-30,NICA,950.0,950.0,890.0,907.0,121910
2021-05-31,NICA,913.0,929.0,902.0,902.0,169234
2021-06-01,NICA,900.0,907.0,899.0,904.0,118739
2021-06-02,NICA,904.0,907.0,895.0,900.0,86849
2021-06-03,NICA,905.0,935.0,905.0,918.0,246324
2021-06-06,NICA,925.0,950.0,921.0,928.0,250508
2021-06-07,NICA,945.0,945.0,904.0,908.0,257985
2021-06-08,NICA,920.0,928.0,902.0,917.0,214151
2021-06-09,NICA,925.0,932.0,913.0,914.0,147331
2021-06-10,NICA,900.0,920.0,900.0,907.0,96432
2021-06-13,NICA,912.0,912.0,900.0,902.0,193089
2021-06-14,NICA,910.0,935.0,901.0,910.0,203503
2021-06-15,NICA,920.0,921.0,901.0,905.0,153036
2021-06-16,NICA,906.0,922.0,899.0,900.0,84534
2021-06-17,NICA,900.0,907.0,898.0,901.0,139278
2021-06-20,NICA,901.0,910.0,890.0,893.0,135567
2021-06-21,NICA,894.0,898.0,882.0,883.0,142896
2021-06-22,NICA,885.0,907.0,881.0,905.0,176117
2021-06-23,NICA,905.0,905.0,892.0,893.0,120895
2021-06-24,NICA,893.0,907.0,890.0,896.0,144591
2021-06-27,NICA,940.0,940.0,882.0,916.0,212905
2021-06-28,NICA,921.0,952.0,915.0,935.0,536806
2021-06-29,NICA,945.0,945.0,914.0,915.0,137194
2021-06-30,NICA,910.0,918.0,903.0,915.0,85224
2021-07-01,NICA,915.0,918.0,908.0,911.0,116472
2021-07-04,NICA,911.0,925.0,910.0,918.0,132415
2021-07-05,NICA,920.0,920.0,910.0,910.0,91023
2021-07-06,NICA,913.0,920.0,910.0,916.0,69482
2021-07-07,NICA,925.0,925.0,914.0,916.0,113264
2021-07-08,NICA,920.0,935.0,914.0,926.0,181363
2021-07-11,NICA,935.0,975.0,930.0,964.0,418824
2021-07-12,NICA,970.0,981.0,952.0,956.0,361409
2021-07-13,NICA,960.0,977.0,954.0,973.0,205456
2021-07-14,NICA,975.0,980.0,959.0,975.0,127034
2021-07-15,NICA,980.0,999.0,970.0,994.0,333106
2021-07-18,NICA,1007.0,1070.0,1001.0,1065.0,341804
2021-07-19,NICA,1080.0,1083.0,1036.0,1044.8,335938
2021-07-20,NICA,1060.0,1060.0,1030.0,1031.6,226606
2021-07-22,NICA,1032.0,1045.0,1011.0,1034.0,349971
2021-07-25,NICA,1040.0,1085.0,1040.0,1072.0,315418
2021-07-26,NICA,1080.0,1085.0,1046.0,1053.0,316542
2021-07-27,NICA,1032.0,1071.0,1012.0,1056.0,473016
2021-07-28,NICA,1060.0,1072.0,1042.0,1043.0,97628
2021-07-29,NICA,1022.0,1054.0,1022.0,1035.0,124365
2021-08-01,NICA,1045.0,1048.0,1026.2,1029.6,112191
2021-08-02,NICA,1040.0,1040.0,1020.0,1027.0,113048
2021-08-03,NICA,1027.0,1035.0,1023.0,1027.7,84712
2021-08-04,NICA,1048.0,1048.0,1024.0,1025.4,118872
2021-08-05,NICA,1026.0,1035.0,1025.0,1026.0,84321
2021-08-08,NICA,1039.0,1039.0,1026.0,1027.0,66130
2021-08-09,NICA,1035.0,1035.0,1017.0,1018.0,102873
2021-08-10,NICA,1020.0,1067.9,1017.0,1047.0,147195
2021-08-11,NICA,1051.0,1066.0,1027.5,1030.0,88613
2021-08-12,NICA,1032.0,1040.0,1028.0,1034.0,143592
2021-08-15,NICA,1013.4,1030.0,980.0,1004.0,336714
2021-08-16,NICA,1004.0,1004.0,986.0,988.0,363653
2021-08-17,NICA,988.5,991.0,970.1,973.0,206972
2021-08-18,NICA,988.0,998.5,960.0,995.0,223612
2021-08-19,NICA,1004.0,1004.0,966.0,969.0,266456
2021-08-24,NICA,985.0,986.0,950.0,951.0,141517
2021-08-25,NICA,970.0,970.0,935.0,940.0,158222
2021-08-26,NICA,957.0,958.0,933.0,936.9,173201
2021-08-29,NICA,955.0,955.0,918.0,920.0,136304
2021-08-31,NICA,938.0,938.0,903.0,914.0,159777
2021-09-01,NICA,920.0,927.0,905.1,912.0,104201
2021-09-02,NICA,912.0,918.0,898.0,905.5,127440
2021-09-05,NICA,905.6,905.6,876.0,893.0,130256
2021-09-06,NICA,880.0,937.0,880.0,929.0,218544
2021-09-07,NICA,939.0,939.0,895.0,907.0,97523
2021-09-08,NICA,907.0,907.0,885.0,895.0,104324
2021-09-09,NICA,900.0,901.0,885.0,891.0,93559
2021-09-12,NICA,900.0,907.0,880.2,906.0,130358
2021-09-13,NICA,923.0,955.0,907.0,927.0,299759
2021-09-14,NICA,943.0,943.0,918.3,919.1,168837
2021-09-15,NICA,920.0,924.0,903.0,912.0,96697
2021-09-16,NICA,930.2,930.2,890.1,897.0,161004
2021-09-20,NICA,897.1,897.1,875.0,875.1,171670
2021-09-21,NICA,858.0,887.0,850.0,870.0,173627
2021-09-22,NICA,887.0,899.0,881.0,890.0,72519
2021-09-23,NICA,907.8,915.0,887.0,902.0,218766
2021-09-26,NICA,920.0,920.0,882.0,884.0,93082
2021-09-27,NICA,884.0,890.0,866.0,870.0,66203
2021-09-28,NICA,865.0,880.0,851.0,859.0,169341
2021-09-29,NICA,872.1,872.1,845.0,865.0,89368
2021-09-30,NICA,865.0,872.1,848.0,862.9,82748
2021-10-03,NICA,850.1,860.0,844.0,849.1,88933
2021-10-04,NICA,849.1,858.0,833.0,850.0,94801
2021-10-05,NICA,850.0,854.9,842.0,850.0,39369
2021-10-06,NICA,855.0,865.0,848.0,858.0,54341
2021-10-10,NICA,873.0,873.0,845.2,850.0,55797
2021-10-11,NICA,850.0,850.0,833.5,840.0,40240
2021-10-17,NICA,845.0,850.0,830.5,849.0,34196
2021-10-18,NICA,849.0,849.0,816.0,830.0,62559
2021-10-19,NICA,818.0,819.0,785.0,791.0,110546
2021-10-20,NICA,806.0,821.0,795.0,802.0,58775
2021-10-21,NICA,795.0,809.8,794.1,808.0,61630
2021-10-24,NICA,800.0,835.0,799.0,830.0,113978
2021-10-25,NICA,832.0,841.0,820.0,836.0,70258
2021-10-26,NICA,819.3,841.5,790.0,837.0,299356
2021-10-27,NICA,830.0,873.2,826.0,870.0,230090
2021-10-28,NICA,870.0,876.0,855.0,871.0,199592
2021-10-31,NICA,871.0,902.1,856.0,893.0,222689
2021-11-01,NICA,910.0,910.0,870.0,874.0,133727
2021-11-02,NICA,890.0,890.0,865.0,869.0,62963
2021-11-03,NICA,886.0,886.0,866.0,869.9,62379
2021-11-08,NICA,860.0,880.0,856.0,856.0,53173
2021-11-09,NICA,860.0,860.0,830.0,839.0,100951
2021-11-11,NICA,825.1,841.5,824.0,824.0,60792
2021-11-14,NICA,825.0,835.0,813.1,825.5,40711
2021-11-15,NICA,817.0,833.0,817.0,824.9,46501
2021-11-16,NICA,825.0,870.0,820.0,870.0,104559
2021-11-17,NICA,880.0,897.0,862.0,875.0,143618
2021-11-18,NICA,874.0,874.0,845.9,854.0,86241
2021-11-21,NICA,870.0,870.0,836.0,840.0,51751
2021-11-22,NICA,855.0,860.0,832.1,850.0,38185
2021-11-23,NICA,850.0,856.0,825.0,836.0,64274
2021-11-24,NICA,836.0,836.0,821.7,831.0,96252
2021-11-25,NICA,831.0,843.0,825.0,842.0,81644
2021-11-28,NICA,835.0,835.0,813.0,817.0,66398
2021-11-29,NICA,824.0,825.0,797.0,800.0,73172
2021-11-30,NICA,813.8,813.8,790.0,810.0,94516
2021-12-01,NICA,800.0,822.0,800.0,804.8,25231
2021-12-02,NICA,805.0,805.0,780.0,788.0,114952
2021-12-05,NICA,785.0,785.0,758.6,765.0,73387
2021-12-06,NICA,760.0,787.0,745.0,787.0,68582
2021-12-07,NICA,790.0,795.2,765.0,766.0,48358
2021-12-08,NICA,760.0,760.0,742.0,749.0,45768
2021-12-09,NICA,746.0,756.0,740.0,742.6,50635
2021-12-12,NICA,748.0,748.0,722.0,725.0,53196
2021-12-13,NICA,712.0,722.0,701.0,709.0,70526
2021-12-14,NICA,723.0,739.5,716.0,739.5,18561
2021-12-15,NICA,754.0,767.0,725.0,732.0,69145
2021-12-16,NICA,736.5,736.5,721.0,734.0,28600
2021-12-20,NICA,748.6,748.6,720.0,722.0,50222
2021-12-21,NICA,735.0,736.0,722.0,731.2,30657
2021-12-22,NICA,745.0,756.0,735.0,752.0,54868
2021-12-23,NICA,767.0,767.0,749.0,760.0,53583
2021-12-26,NICA,765.0,775.0,760.0,769.9,70760
2021-12-27,NICA,770.0,774.0,744.0,744.0,65018
2021-12-28,NICA,740.0,747.0,730.0,738.0,43607
2021-12-29,NICA,726.1,744.0,725.0,740.0,77201
2022-01-02,NICA,754.8,773.0,730.0,769.0,73533
2022-01-03,NICA,769.0,788.4,765.0,784.0,78276
2022-01-04,NICA,790.0,813.7,772.0,807.8,79587
2022-01-05,NICA,819.9,819.9,792.0,795.0,78208
2022-01-06,NICA,782.0,839.0,782.0,838.0,178781
2022-01-09,NICA,854.7,871.0,850.0,867.1,162594
2022-01-10,NICA,870.0,879.0,852.0,860.0,160045
2022-01-11,NICA,870.0,872.0,855.0,864.5,83864
2022-01-12,NICA,870.0,889.5,863.0,866.0,170915
2022-01-13,NICA,868.0,890.0,861.0,880.5,94487
2022-01-16,NICA,880.5,912.0,882.0,900.0,137916
2022-01-17,NICA,918.0,918.0,893.0,898.0,111345
2022-01-18,NICA,900.0,927.0,899.0,914.0,207182
2022-01-19,NICA,932.2,932.2,910.0,912.0,145505
2022-01-20,NICA,912.0,920.0,901.6,917.0,116652
2022-01-23,NICA,935.0,935.3,899.0,903.0,191997
2022-01-24,NICA,900.0,900.0,866.0,866.2,419335
2022-01-25,NICA,850.0,883.0,845.2,867.0,227148
2022-01-26,NICA,868.0,873.0,856.0,860.0,109049
2022-01-27,NICA,861.0,869.9,856.0,859.6,56260
2022-01-30,NICA,876.7,888.0,872.0,883.0,99204
2022-01-31,NICA,890.0,890.0,870.1,872.0,65157
2022-02-01,NICA,875.0,883.0,865.0,870.0,58118
2022-02-03,NICA,870.0,877.0,860.0,860.4,150826
2022-02-06,NICA,856.0,860.0,845.0,853.0,72123
2022-02-07,NICA,853.0,858.0,839.0,843.0,59770
2022-02-08,NICA,855.0,872.0,826.0,837.0,86778
2022-02-09,NICA,840.0,840.0,821.0,828.0,87317
2022-02-10,NICA,830.0,839.0,814.0,818.0,95660
2022-02-13,NICA,802.0,811.0,789.0,807.0,180844
2022-02-14,NICA,811.0,814.0,798.0,805.0,65371
2022-02-15,NICA,805.0,810.0,802.0,805.0,45673
2022-02-16,NICA,806.0,815.0,803.0,807.0,43171
2022-02-17,NICA,805.0,816.0,804.0,816.0,55936
2022-02-20,NICA,799.7,812.0,790.0,803.1,58816
2022-02-21,NICA,808.0,810.0,798.0,806.1,30102
2022-02-22,NICA,806.0,815.0,802.0,808.0,37501
2022-02-23,NICA,810.0,810.0,801.0,804.0,26347
2022-02-24,NICA,804.0,804.0,785.0,790.0,62153
2022-02-27,NICA,790.0,800.0,777.7,783.0,94586
2022-02-28,NICA,798.0,798.0,771.0,773.0,55256
2022-03-02,NICA,770.0,775.0,760.0,762.0,76482
2022-03-06,NICA,777.2,785.0,755.0,768.0,36346
2022-03-07,NICA,770.0,774.9,747.0,774.0,138577
2022-03-09,NICA,785.0,785.0,750.0,760.0,138776
2022-03-10,NICA,760.0,762.0,747.0,758.0,165638
2022-03-13,NICA,769.0,790.0,758.0,782.0,93422
2022-03-14,NICA,785.0,789.0,770.0,778.0,29363
2022-03-15,NICA,780.0,781.0,770.0,772.0,50282
2022-03-16,NICA,772.0,778.0,765.0,768.0,46676
2022-03-20,NICA,776.0,776.0,764.0,770.0,42001
2022-03-21,NICA,775.0,780.0,762.0,773.0,47286
2022-03-22,NICA,770.0,785.0,770.0,779.9,41446
2022-03-23,NICA,780.0,785.0,773.0,785.0,108697
2022-03-24,NICA,780.0,790.0,769.3,780.0,67523
2022-03-27,NICA,780.0,790.0,766.0,766.0,67429
2022-03-28,NICA,761.0,765.0,755.0,759.9,37146
2022-03-29,NICA,756.0,765.0,754.0,757.0,40516
2022-03-30,NICA,758.0,770.0,757.0,767.0,29760
2022-03-31,NICA,772.0,772.0,755.0,764.0,39695
2022-04-03,NICA,770.0,778.0,756.2,761.9,18189
2022-04-04,NICA,777.1,777.1,757.0,762.0,19152
2022-04-05,NICA,777.2,777.2,748.0,751.2,69542
2022-04-06,NICA,750.0,750.0,739.0,741.9,52534
2022-04-07,NICA,750.0,765.0,746.0,765.0,51777
2022-04-11,NICA,765.0,774.0,740.0,763.0,91552
2022-04-12,NICA,775.0,775.0,745.0,752.0,44168
2022-04-13,NICA,748.0,760.0,745.0,757.0,51266
2022-04-17,NICA,772.1,772.1,746.0,751.0,38725
2022-04-18,NICA,756.0,756.0,745.0,747.5,32922
2022-04-19,NICA,750.0,764.8,746.0,760.0,28688
2022-04-20,NICA,775.0,775.0,750.8,755.0,66139
2022-04-21,NICA,770.1,770.1,740.0,765.0,55724
2022-04-24,NICA,780.0,800.0,765.0,796.0,62866
2022-04-25,NICA,800.0,800.0,776.0,776.0,68468
2022-04-26,NICA,785.0,791.0,773.0,784.4,35741
2022-04-27,NICA,773.0,781.8,770.1,781.8,37180
2022-04-28,NICA,780.0,790.0,779.0,782.0,44865
2022-05-02,NICA,780.0,780.0,767.0,773.5,33499
2022-05-04,NICA,770.0,773.0,765.1,771.5,23016
2022-05-05,NICA,762.0,770.0,747.5,764.0,89146
2022-05-08,NICA,751.0,765.0,750.0,765.0,48636
2022-05-09,NICA,780.3,780.3,750.0,774.0,65468
2022-05-10,NICA,777.0,785.0,770.0,785.0,25257
2022-05-11,NICA,794.0,800.0,785.0,792.0,60355
2022-05-12,NICA,800.0,819.0,790.1,808.0,69720
2022-05-17,NICA,808.0,814.0,775.0,775.0,64901
2022-05-18,NICA,780.0,789.0,771.0,786.0,27047
2022-05-19,NICA,794.0,794.0,777.0,781.0,29672
2022-05-20,NICA,780.0,785.0,776.0,780.0,14791
2022-05-23,NICA,785.0,785.0,760.0,764.2,38586
2022-05-24,NICA,760.0,773.0,750.0,768.0,22335
2022-05-25,NICA,783.0,783.0,770.0,775.0,20264
2022-05-26,NICA,790.5,790.5,774.0,781.5,22046
2022-05-27,NICA,785.0,785.0,770.0,772.0,35663
2022-05-30,NICA,787.4,787.4,750.0,760.0,53026
2022-05-31,NICA,770.0,770.0,748.0,752.7,71623
2022-06-01,NICA,750.0,763.0,748.0,759.9,42503
2022-06-02,NICA,760.0,760.0,741.0,744.5,87718
2022-06-03,NICA,745.0,757.0,728.1,739.0,84842
2022-06-06,NICA,744.0,746.0,724.0,727.0,92806
2022-06-07,NICA,728.0,729.0,700.0,708.9,86403
2022-06-08,NICA,700.0,732.0,700.0,723.0,58996
2022-06-09,NICA,720.0,731.7,715.0,716.0,43462
2022-06-10,NICA,730.3,730.3,700.0,716.0,42734
2022-06-13,NICA,716.0,716.0,705.0,709.5,34498
2022-06-14,NICA,706.0,710.0,701.0,703.2,33384
2022-06-15,NICA,717.2,717.2,691.9,704.0,63277
2022-06-16,NICA,704.0,707.9,690.0,697.4,51244
2022-06-17,NICA,700.0,705.0,690.0,695.0,32624
2022-06-19,NICA,699.0,699.0,680.2,682.0,47112
2022-06-20,NICA,680.0,680.0,671.1,674.4,64703
2022-06-21,NICA,680.0,693.6,670.3,686.9,46893
2022-06-22,NICA,685.0,685.0,669.5,670.0,36984
2022-06-23,NICA,670.0,670.0,646.5,652.9,63783
2022-06-24,NICA,648.0,670.0,634.0,659.0,31888
2022-06-26,NICA,672.0,686.0,662.0,686.0,75516
2022-06-27,NICA,691.0,693.0,676.0,678.0,46048
2022-06-28,NICA,665.1,679.0,665.1,672.5,15590
2022-06-29,NICA,675.0,680.0,664.0,679.0,21950
2022-06-30,NICA,682.0,698.7,680.0,698.7,51903
2022-07-01,NICA,701.0,705.0,687.0,689.9,65273
2022-07-03,NICA,690.0,718.0,680.0,718.0,99723
2022-07-04,NICA,720.0,734.0,699.0,704.0,140168
2022-07-05,NICA,704.0,713.0,690.0,690.0,50002
2022-07-06,NICA,690.0,693.0,676.2,689.0,42283
2022-07-07,NICA,702.0,710.0,680.0,685.0,38738
2022-07-08,NICA,685.0,687.0,664.3,668.0,45733
2022-07-11,NICA,662.0,662.0,640.0,648.0,134434
2022-07-12,NICA,648.0,660.0,646.0,657.0,53503
2022-07-13,NICA,657.0,680.0,657.0,680.0,124370
2022-07-14,NICA,670.0,697.8,667.1,694.0,448553
2022-07-15,NICA,694.0,704.0,688.0,696.0,44293
2022-07-17,NICA,709.9,709.9,691.0,703.0,64978
2022-07-18,NICA,703.0,704.0,695.0,703.0,48670
2022-07-19,NICA,709.0,718.0,704.1,713.0,96528
2022-07-20,NICA,710.0,720.0,709.0,716.0,64499
2022-07-21,NICA,730.0,735.0,719.0,722.0,155068
2022-07-22,NICA,724.0,724.9,712.0,713.0,47223
2022-07-24,NICA,713.0,724.9,706.0,724.0,86801
2022-07-25,NICA,733.0,734.5,728.0,731.0,101736
2022-07-26,NICA,731.1,731.1,708.0,709.0,102412
2022-07-27,NICA,709.0,714.9,701.0,711.0,54808
2022-07-28,NICA,719.9,719.9,705.1,709.0,75111
2022-07-29,NICA,712.0,715.0,706.0,707.9,30305
2022-07-31,NICA,710.0,731.0,707.0,725.0,87775
2022-08-01,NICA,730.0,730.0,721.0,722.0,60754
2022-08-02,NICA,730.0,730.0,720.2,720.2,44090
2022-08-03,NICA,720.2,725.0,715.0,715.0,50858
2022-08-04,NICA,719.9,719.9,705.0,706.0,58366
2022-08-05,NICA,700.0,704.8,695.0,695.5,33014
2022-08-07,NICA,700.0,706.0,695.0,699.0,41323
2022-08-08,NICA,712.9,712.9,686.0,694.0,47484
2022-08-09,NICA,694.0,695.0,681.0,687.0,47705
2022-08-10,NICA,680.1,683.0,665.1,674.0,61587
2022-08-11,NICA,665.0,677.0,665.0,669.0,44403
2022-08-14,NICA,669.0,669.0,657.0,660.5,49791
2022-08-15,NICA,650.0,666.5,648.0,666.5,66185
2022-08-16,NICA,679.8,679.8,663.1,664.1,59039
2022-08-17,NICA,665.0,665.0,657.0,660.0,39009
2022-08-18,NICA,661.0,673.0,658.0,668.0,29374
2022-08-21,NICA,669.9,675.0,665.0,667.0,23208
2022-08-22,NICA,665.0,665.0,655.0,663.0,29684
2022-08-23,NICA,667.9,667.9,661.0,662.0,13142
2022-08-24,NICA,670.0,670.0,661.6,664.0,22672
2022-08-25,NICA,665.0,665.7,659.0,659.0,33612
2022-08-26,NICA,657.0,660.0,652.0,655.0,18693
2022-08-28,NICA,651.0,655.0,645.1,646.1,45482
2022-08-29,NICA,645.0,650.0,644.1,649.0,13292
2022-08-30,NICA,657.0,658.0,645.3,645.3,16576
2022-08-31,NICA,650.0,650.0,638.1,638.3,27446
2022-09-02,NICA,649.9,650.0,642.0,645.0,4993
2022-09-04,NICA,645.1,652.0,644.5,648.0,21391
2022-09-05,NICA,639.0,650.0,639.0,647.0,19888
2022-09-06,NICA,647.0,647.5,638.0,642.9,10623
2022-09-07,NICA,642.0,654.8,630.0,635.0,37836
2022-09-08,NICA,640.0,641.0,626.0,630.9,29046
2022-09-11,NICA,627.0,634.9,627.0,630.0,17208
2022-09-12,NICA,627.0,630.0,626.0,627.1,19410
2022-09-13,NICA,635.0,635.0,631.0,633.0,21945
2022-09-14,NICA,635.0,650.0,635.0,650.0,18053
2022-09-15,NICA,653.0,653.0,628.1,630.0,41415
2022-09-16,NICA,621.0,629.9,618.0,627.0,19072
2022-09-18,NICA,620.1,626.9,617.0,617.1,38395
2022-09-20,NICA,620.0,620.0,602.0,603.1,34869
2022-09-21,NICA,615.0,615.0,605.0,610.0,23401
2022-09-22,NICA,620.8,620.8,609.0,613.9,7862
2022-09-25,NICA,618.0,620.0,600.3,604.3,30846
2022-09-27,NICA,610.0,618.0,605.1,609.0,19390
2022-09-28,NICA,609.0,617.0,608.0,612.0,16060
2022-09-29,NICA,612.0,623.0,605.2,618.3,26572
2022-10-09,NICA,629.0,632.0,614.0,632.0,24888
2022-10-10,NICA,633.7,633.7,613.0,621.4,18776
2022-10-11,NICA,620.0,621.0,608.6,609.0,19681
2022-10-12,NICA,610.0,617.7,607.3,612.5,17812
2022-10-13,NICA,610.0,615.0,606.0,612.0,25259
2022-10-16,NICA,620.0,620.0,608.0,609.9,14547
2022-10-17,NICA,612.0,614.0,610.0,610.0,9862
2022-10-19,NICA,615.0,618.0,610.0,615.1,23531
2022-10-20,NICA,615.0,620.0,612.5,615.9,21739
2022-10-23,NICA,617.0,624.9,616.0,618.0,9212
2022-10-31,NICA,629.9,664.0,629.9,660.0,95003
2022-11-01,NICA,665.0,702.0,661.0,695.0,97337
2022-11-02,NICA,700.0,702.0,684.0,693.6,52344
2022-11-03,NICA,690.0,691.0,678.0,684.0,46344
2022-11-06,NICA,690.0,693.0,678.1,689.0,45183
2022-11-07,NICA,698.0,698.0,678.0,678.0,50047
2022-11-08,NICA,676.0,680.0,674.0,676.1,29430
2022-11-09,NICA,685.0,685.0,669.1,670.0,24540
2022-11-10,NICA,672.0,675.0,660.0,660.1,38406
2022-11-13,NICA,660.1,667.9,650.0,660.0,19746
2022-11-14,NICA,660.0,671.0,657.0,669.0,30779
2022-11-15,NICA,680.0,680.0,661.0,665.0,23607
2022-11-16,NICA,666.0,685.0,665.0,680.0,23582
2022-11-17,NICA,692.0,692.0,685.0,688.0,30365
2022-11-22,NICA,699.7,700.0,686.0,686.0,22019
2022-11-23,NICA,686.0,690.0,681.2,683.0,11745
2022-11-24,NICA,685.0,690.0,680.0,690.0,42892
2022-11-27,NICA,695.0,700.0,685.2,699.0,33586
2022-11-28,NICA,700.0,705.8,686.5,689.0,52802
2022-11-29,NICA,680.0,694.0,678.0,688.2,24057
2022-11-30,NICA,684.0,699.0,684.0,697.0,24065
2022-12-01,NICA,695.0,696.0,695.0,695.5,422
2022-12-04,NICA,711.5,720.0,710.0,712.9,46294
2022-12-05,NICA,712.0,712.0,697.8,698.0,35135
2022-12-06,NICA,700.0,705.0,692.0,693.0,50730
2022-12-07,NICA,686.0,699.0,686.0,688.3,36633
2022-12-11,NICA,675.0,685.0,670.1,670.1,57943
2022-12-12,NICA,666.0,679.9,660.0,679.0,61536
2022-12-13,NICA,679.0,688.0,674.0,676.3,26409
2022-12-14,NICA,672.0,717.0,672.0,675.1,16910
2022-12-15,NICA,672.0,678.9,670.1,672.0,15343
2022-12-18,NICA,665.0,670.0,661.1,665.0,25597
2022-12-19,NICA,665.0,670.0,661.3,665.2,11080
2022-12-20,NICA,667.0,680.0,666.0,673.0,14011
2022-12-21,NICA,660.0,682.0,660.0,667.3,175719
2022-12-22,NICA,654.0,666.0,654.0,665.2,86046
2022-12-26,NICA,673.0,695.0,670.2,694.0,100520
2022-12-27,NICA,700.0,710.0,696.0,700.1,143766
2022-12-28,NICA,702.0,706.0,689.0,689.0,79579
2022-12-29,NICA,702.0,726.0,689.0,722.2,135700
2023-01-01,NICA,727.0,750.0,723.0,738.0,136249
2023-01-02,NICA,738.0,772.8,725.0,765.0,146722
2023-01-03,NICA,775.0,775.0,755.0,767.9,125746
2023-01-04,NICA,760.0,797.0,760.0,784.0,100499
2023-01-05,NICA,799.6,805.0,778.0,790.0,150073
2023-01-08,NICA,789.0,803.0,784.0,790.1,100573
2023-01-09,NICA,790.0,821.0,781.0,804.0,208228
2023-01-10,NICA,811.0,835.0,796.0,805.0,205989
2023-01-12,NICA,821.1,828.0,801.1,803.0,157664
2023-01-17,NICA,819.0,820.0,796.1,816.3,99350
2023-01-18,NICA,820.0,825.0,804.0,811.0,94624
2023-01-19,NICA,811.0,850.0,804.1,845.0,216337
2023-01-23,NICA,861.9,861.9,831.0,835.0,151120
2023-01-24,NICA,849.5,850.0,825.1,832.0,90781
2023-01-25,NICA,844.9,844.9,823.0,825.0,72897
2023-01-26,NICA,832.0,833.5,818.0,824.0,76729
2023-01-29,NICA,823.0,833.6,820.0,826.0,86314
2023-01-30,NICA,820.0,830.0,810.5,811.9,92484
2023-01-31,NICA,815.0,820.0,803.6,808.5,87591
2023-02-01,NICA,802.0,823.0,802.0,815.1,58462
2023-02-02,NICA,815.1,825.0,802.0,810.4,67366
2023-02-05,NICA,811.0,825.0,811.0,817.0,71506
2023-02-06,NICA,805.1,831.0,805.1,828.0,78309
2023-02-07,NICA,815.1,839.5,815.1,835.0,154737
2023-02-08,NICA,848.6,852.0,834.0,835.0,97610
2023-02-09,NICA,834.0,841.8,830.0,840.0,49992
2023-02-12,NICA,825.0,835.0,817.0,820.9,93577
2023-02-14,NICA,817.1,821.0,810.2,815.5,84726
2023-02-15,NICA,810.1,821.0,810.1,817.0,57530
2023-02-16,NICA,810.0,818.0,810.0,811.5,45965
2023-02-20,NICA,809.0,819.9,798.0,815.0,68598
2023-02-22,NICA,821.0,821.0,808.0,818.0,55398
2023-02-23,NICA,808.0,815.0,803.4,814.0,98136
2023-02-26,NICA,810.1,815.0,793.8,810.0,98067
2023-02-27,NICA,810.0,820.0,801.1,812.0,62896
2023-02-28,NICA,801.0,815.5,801.0,811.5,37309
2023-03-01,NICA,805.1,815.0,804.1,806.0,40211
2023-03-02,NICA,806.0,806.0,798.1,800.0,54595
2023-03-05,NICA,813.0,813.0,792.2,794.0,32917
2023-03-07,NICA,795.0,801.0,788.0,796.0,38109
2023-03-09,NICA,791.0,810.0,791.0,808.0,28688
2023-03-12,NICA,820.0,822.0,797.0,798.0,31706
2023-03-13,NICA,800.0,813.0,776.9,777.0,79814
2023-03-14,NICA,782.8,790.0,757.0,764.0,136733
2023-03-15,NICA,772.0,772.0,739.0,748.0,138593
2023-03-16,NICA,755.0,755.0,736.1,750.0,66560
2023-03-19,NICA,755.0,755.0,739.0,742.0,53939
2023-03-20,NICA,749.0,749.0,731.1,738.0,84134
2023-03-22,NICA,740.1,740.1,721.0,723.0,113311
2023-03-23,NICA,729.0,729.0,666.5,686.0,314524
2023-03-26,NICA,686.0,697.9,680.0,687.0,115245
2023-03-27,NICA,680.0,695.0,675.3,695.0,57816
2023-03-28,NICA,708.0,708.0,688.0,689.0,62508
2023-03-29,NICA,690.0,694.0,687.0,689.0,51749
2023-03-30,NICA,700.0,700.0,689.0,690.8,30902
2023-04-02,NICA,690.8,719.1,689.0,692.0,72783
2023-04-03,NICA,704.9,704.9,686.0,690.0,42504
2023-04-04,NICA,700.0,700.0,685.0,696.6,47314
2023-04-05,NICA,699.0,700.0,691.0,696.2,26748
2023-04-06,NICA,705.0,705.0,693.0,697.0,30695
2023-04-09,NICA,697.0,698.0,690.0,693.0,35930
2023-04-10,NICA,688.0,695.9,688.0,693.0,39095
2023-04-11,NICA,700.0,704.0,692.3,697.5,24498
2023-04-12,NICA,704.0,735.0,704.0,730.0,87390
2023-04-13,NICA,735.0,740.0,719.0,722.0,73696
2023-04-16,NICA,730.0,766.0,721.0,733.0,50033
2023-04-17,NICA,730.0,738.0,727.4,728.0,42664
2023-04-18,NICA,726.0,739.0,722.1,735.0,36250
2023-04-19,NICA,741.8,742.0,731.0,740.7,43290
2023-04-20,NICA,755.5,755.5,729.0,734.0,78369
2023-04-23,NICA,735.0,736.0,722.2,723.0,32862
2023-04-24,NICA,724.0,724.0,717.0,717.0,26276
2023-04-25,NICA,724.9,735.0,718.0,735.0,23019
2023-04-26,NICA,735.0,736.0,724.0,724.0,32344
2023-04-27,NICA,725.0,726.5,720.0,725.0,19375
2023-04-30,NICA,726.0,736.6,717.1,720.0,15050
2023-05-02,NICA,729.0,729.0,714.0,714.0,18441
2023-05-03,NICA,715.0,715.0,710.1,712.6,14729
2023-05-04,NICA,720.0,723.0,707.0,717.0,22581
2023-05-07,NICA,717.0,723.0,709.2,714.9,21718
2023-05-08,NICA,712.0,719.0,706.5,708.0,27837
2023-05-09,NICA,708.2,720.0,700.1,711.9,20728
2023-05-10,NICA,719.0,719.0,709.0,709.0,17826
2023-05-11,NICA,709.9,711.9,707.0,709.0,22977
2023-05-14,NICA,717.0,717.0,699.0,699.0,65044
2023-05-15,NICA,699.1,706.0,693.1,694.6,43687
2023-05-16,NICA,695.3,704.0,689.3,690.0,72505
2023-05-17,NICA,690.0,704.5,690.0,700.0,68132
2023-05-18,NICA,700.0,709.5,698.1,708.5,96034
2023-05-21,NICA,712.0,715.0,705.0,708.0,48741
2023-05-22,NICA,708.0,709.9,700.0,705.9,68416
2023-05-23,NICA,712.0,724.0,710.0,721.0,100970
2023-05-24,NICA,725.0,759.0,717.1,733.5,37135
2023-05-28,NICA,735.0,747.0,723.0,725.2,57567
2023-05-30,NICA,721.7,725.0,700.0,715.0,66387
2023-05-31,NICA,710.0,717.0,698.0,703.0,86240
2023-06-01,NICA,710.0,716.0,698.5,713.5,64360
2023-06-04,NICA,710.0,735.0,710.0,712.6,85849
2023-06-05,NICA,724.9,724.9,712.0,712.1,51968
2023-06-06,NICA,716.0,720.0,713.1,716.0,20101
2023-06-07,NICA,716.0,724.0,715.1,716.5,35488
2023-06-08,NICA,715.0,721.9,714.5,719.0,28350
2023-06-11,NICA,721.0,735.0,716.2,731.0,97299
2023-06-12,NICA,733.0,746.0,733.0,739.0,57704
2023-06-13,NICA,753.7,753.7,733.0,750.0,87057
2023-06-14,NICA,735.0,784.0,735.0,775.0,142091
2023-06-15,NICA,775.0,778.0,760.0,778.0,54223
2023-06-18,NICA,785.0,786.0,769.0,778.0,44461
2023-06-19,NICA,779.0,780.0,767.0,768.2,54506
2023-06-20,NICA,775.0,778.0,755.0,759.0,34384
2023-06-21,NICA,764.0,771.0,750.0,750.0,52004
2023-06-22,NICA,755.0,760.0,743.0,750.0,63239
2023-06-25,NICA,750.0,770.0,740.0,769.0,89107
2023-06-26,NICA,782.8,793.0,775.0,787.0,104175
2023-06-27,NICA,800.0,803.4,785.0,800.3,74430
2023-06-28,NICA,809.0,814.0,782.0,785.5,100750
2023-07-02,NICA,780.0,795.4,766.0,768.5,85825
2023-07-03,NICA,768.5,774.0,761.0,766.0,37583
2023-07-04,NICA,770.0,779.0,761.0,770.0,48521
2023-07-05,NICA,770.1,780.0,766.0,769.4,56329
2023-07-06,NICA,778.9,778.9,761.0,766.0,37975
2023-07-09,NICA,778.9,789.9,772.3,789.0,43972
2023-07-10,NICA,794.0,797.0,785.0,788.9,61999
2023-07-11,NICA,790.0,793.9,781.0,783.0,37571
2023-07-12,NICA,790.0,793.5,775.0,780.0,49480
2023-07-13,NICA,790.0,790.0,779.2,781.9,40669
2023-07-16,NICA,790.0,796.0,782.0,793.8,48967
2023-07-17,NICA,798.0,807.0,789.0,803.0,55849
2023-07-18,NICA,809.6,818.0,803.0,810.0,83521
2023-07-19,NICA,810.0,817.0,800.0,810.0,181640
2023-07-20,NICA,817.0,818.0,806.2,811.0,67669
2023-07-23,NICA,820.0,825.1,808.0,822.0,136053
2023-07-24,NICA,825.0,825.0,806.1,810.0,89524
2023-07-25,NICA,809.9,815.0,793.0,794.5,86821
2023-07-26,NICA,800.0,805.0,788.0,790.1,68079
2023-07-27,NICA,774.3,802.0,774.3,784.0,61909
2023-07-30,NICA,798.0,798.0,774.1,777.0,74894
2023-07-31,NICA,786.0,800.0,770.3,785.0,51397
2023-08-01,NICA,770.0,794.0,770.0,778.0,48045
2023-08-02,NICA,790.0,790.0,774.2,779.0,34169
2023-08-03,NICA,790.0,793.1,782.1,789.0,42059
2023-08-06,NICA,800.0,812.0,774.0,778.0,141442
2023-08-07,NICA,770.0,786.0,770.0,775.0,52929
2023-08-08,NICA,775.0,784.0,770.1,770.1,30614
2023-08-09,NICA,771.0,785.9,770.0,785.9,32720
2023-08-10,NICA,786.0,790.0,772.3,787.0,65038
2023-08-13,NICA,789.0,800.0,782.0,798.0,51617
2023-08-14,NICA,798.0,806.0,796.0,798.0,69704
2023-08-15,NICA,799.0,799.0,784.1,785.0,29917
2023-08-16,NICA,785.0,785.0,773.0,785.0,31107
2023-08-17,NICA,785.0,797.0,778.0,781.9,27752
2023-08-20,NICA,776.1,790.0,776.1,780.0,34292
2023-08-21,NICA,772.0,790.0,772.0,779.0,26580
2023-08-22,NICA,778.5,787.0,777.1,782.0,11727
2023-08-23,NICA,780.1,805.8,780.0,800.0,48779
